Customer ID,phone
1,794-418-2748
1,951-944-9076
1,538-698-1392
2,332-843-5718
2,684-200-4064
2,385-919-2566
3,252-561-1662
3,652-645-9461
3,634-531-9488
4,638-636-4212
4,562-541-1039
5,475-226-5914
5,755-335-1256
5,813-502-7413
6,528-744-6239
6,876-566-4828
7,606-562-8090
7,470-621-5879
8,591-684-1310
8,858-818-5589
8,646-786-1665
9,247-427-7138
10,280-707-5293
10,850-970-8292
11,734-328-8909
12,988-594-1985
12,586-980-8957
12,883-879-8108
13,913-809-8988
14,939-293-8736
14,677-278-5115
15,732-969-2511
15,325-599-1841
16,731-869-6321
16,979-495-7161
17,886-670-4957
18,620-231-1266
19,634-319-7175
19,700-638-5736
20,286-586-4383
20,392-710-1593
21,869-951-8984
21,209-388-3495
22,882-516-9050
22,755-366-5418
22,813-560-3372
23,543-303-6170
24,960-476-7718
25,433-554-3734
25,579-298-3763
25,523-863-3366
26,394-838-7000
26,972-257-3623
26,437-612-4356
27,335-652-7625
27,625-846-6945
28,836-303-1587
28,321-668-8715
28,399-569-8230
29,579-260-6317
29,718-969-4462
29,781-213-4834
30,363-630-9330
30,908-569-5855
30,466-898-2465
31,375-256-4138
32,320-486-4869
33,844-566-6180
34,424-813-9889
34,264-544-2365
35,703-583-1155
36,993-286-2039
36,455-731-7858
37,835-296-2881
38,492-298-5938
39,687-886-6701
40,488-712-4632
41,842-823-8126
41,634-724-4719
42,438-955-1215
42,346-325-4151
42,217-554-9230
43,903-603-3007
43,444-956-2696
44,819-897-5876
44,506-214-9268
44,986-204-3985
45,235-448-7255
45,727-909-2999
46,493-511-2510
46,328-610-1619
46,230-735-9437
47,240-748-9877
47,276-237-2482
47,347-584-5419
48,706-332-6826
48,872-808-7086
48,899-441-5931
49,434-414-8604
49,812-494-8696
49,302-977-9912
50,277-335-9165
50,399-404-6061
51,441-254-6920
51,472-981-9927
51,571-858-1211
52,214-279-9805
52,478-704-8525
53,713-288-1844
54,263-577-3305
55,527-326-7392
56,674-888-6761
57,436-340-3244
57,819-896-3490
57,332-739-1083
58,389-557-9217
59,665-392-8181
59,532-334-1582
59,233-753-6060
60,657-675-2005
61,664-484-3844
61,493-575-2560
61,280-929-9044
62,348-701-3269
62,567-939-7380
62,317-608-2565
63,647-704-7104
63,798-969-2277
63,978-391-6594
64,779-999-8827
64,442-796-8750
65,965-995-8509
66,909-336-6326
67,240-644-5272
67,454-286-7301
67,240-658-1121
68,609-355-1045
69,998-894-5697
69,526-667-1326
70,529-769-5973
70,263-549-4743
70,344-981-9842
71,809-446-2472
71,342-940-3237
72,297-958-4569
73,445-392-7002
74,562-385-5736
74,396-971-7578
75,287-674-1055
75,348-751-1456
75,447-577-7815
76,994-343-3947
76,439-241-6309
77,967-976-4085
78,796-779-1501
78,760-540-4607
79,306-654-8553
79,810-658-4417
79,926-245-4565
80,380-728-4341
81,473-237-5542
81,376-763-6359
81,371-403-5820
82,657-460-9909
82,622-848-2903
83,490-685-4057
83,558-602-9325
84,461-952-7133
85,466-375-9814
86,274-916-8642
86,687-279-3174
86,636-438-3572
87,614-516-2171
87,721-733-7978
88,306-795-1592
89,783-240-5475
89,515-680-6026
90,401-465-1842
90,256-392-2036
90,289-764-1071
91,776-584-5848
91,903-481-2202
92,606-613-4322
93,418-283-7538
93,589-901-1452
94,350-996-7221
95,665-888-1867
96,267-483-4933
97,897-758-7046
98,941-747-6754
98,993-885-6172
98,410-910-7186
99,973-341-8464
99,604-590-6229
100,347-639-8539
100,675-565-6708
100,305-905-2507
101,882-468-5182
102,340-474-5952
102,757-896-7598
102,422-933-3937
103,386-357-2892
104,849-806-6931
105,882-827-1318
106,595-628-3023
107,506-462-6052
108,524-254-4909
108,851-693-4614
108,277-770-4045
109,950-640-2388
109,434-958-8191
109,600-441-1661
110,893-607-7870
110,725-971-9297
111,700-906-7715
111,823-645-6587
112,850-703-9388
113,230-499-6584
114,858-220-1310
114,760-386-1278
114,627-995-6802
115,807-548-4308
115,919-581-6402
115,566-268-1306
116,601-485-2787
116,277-407-1666
117,908-757-3629
117,601-957-1762
117,270-275-1663
118,569-496-1424
118,334-218-1478
119,232-462-1861
119,683-352-4780
119,899-484-4548
120,223-434-3084
120,336-733-3889
121,330-225-1603
121,881-967-4661
122,278-288-8671
122,590-643-4686
122,454-408-4246
123,705-995-3674
123,514-313-2217
124,394-491-2333
125,445-299-7557
126,641-443-4640
126,822-541-5030
127,332-585-4183
127,247-480-6629
128,443-251-8261
128,517-551-1932
128,900-488-2159
129,411-221-3189
129,556-348-2394
129,249-541-4555
130,449-324-1822
131,266-939-3265
131,969-423-2056
132,402-613-3506
132,834-334-5837
133,979-640-6674
133,300-486-3739
134,374-974-9157
134,529-527-7802
135,370-252-8930
135,246-481-4838
135,550-371-4933
136,570-583-5994
136,818-713-8322
137,947-323-1466
137,326-821-1074
137,461-312-8326
138,264-541-5322
139,785-357-6924
139,655-537-1133
140,628-716-7299
141,648-573-2563
141,955-594-9707
141,361-877-9771
142,310-804-6837
142,946-506-8248
143,339-680-6375
144,386-361-2865
145,556-500-3360
146,246-510-4252
147,247-416-1751
147,885-521-6229
148,447-791-3367
148,327-316-3873
148,768-975-8148
149,380-464-8182
149,938-643-9004
150,995-621-8176
150,763-657-6149
151,425-729-7079
151,695-512-6003
152,976-625-6748
153,598-632-5973
154,343-907-4601
155,642-853-8942
155,369-797-3030
156,528-467-3443
156,589-486-3937
157,902-268-9148
158,923-385-9328
158,428-232-8586
159,224-555-1105
160,249-694-3715
160,456-786-5252
160,983-821-4234
161,880-521-5394
161,878-685-8614
162,426-965-5651
162,568-617-6227
163,439-646-8794
163,871-975-7020
163,580-301-3719
164,679-809-6489
165,792-377-2665
166,424-990-5295
166,452-283-1562
167,384-568-7309
167,464-924-1944
168,393-751-2137
168,972-825-9040
168,852-769-9046
169,984-250-3001
170,349-491-8462
170,256-537-1497
170,729-788-9889
171,471-460-4178
172,380-418-3348
172,821-330-9479
173,312-203-8343
173,665-802-3034
173,818-463-3571
174,696-567-3273
174,735-627-5081
174,266-478-9978
175,286-393-4592
175,944-976-7058
175,467-950-8142
176,550-205-8824
176,803-923-1362
177,448-316-6209
177,260-750-7237
177,827-729-9483
178,465-617-7500
179,570-239-6550
179,854-671-1462
179,311-611-3272
180,830-837-1264
180,697-712-8323
181,982-329-6788
182,952-421-9416
183,601-211-3939
183,817-274-3806
183,605-782-3751
184,633-700-6036
184,533-652-9943
185,305-262-7905
185,361-449-8003
185,455-632-6094
186,704-931-3923
186,927-360-4077
186,318-503-5681
187,902-533-9544
187,995-686-6048
187,833-780-9837
188,962-466-5079
188,347-902-9941
189,584-750-6147
189,970-842-3482
189,849-398-7910
190,269-827-2052
190,994-524-4755
191,910-467-5339
192,851-467-8615
193,658-667-8346
193,600-330-1804
193,590-643-8596
194,694-579-7410
194,465-975-1917
194,382-501-6709
195,670-494-4884
195,335-352-8374
196,773-542-1846
196,517-616-8556
197,776-751-2654
197,413-318-1803
197,223-562-8501
198,632-615-3856
198,889-753-4969
198,729-338-5585
199,881-713-6053
199,812-347-7400
200,567-814-9689
200,869-983-7633
200,928-594-3755
201,922-320-6522
201,517-557-1833
202,518-567-6491
203,354-907-6041
203,409-984-9875
204,913-235-5945
204,863-236-7818
204,404-685-6415
205,781-833-2545
206,481-596-4047
207,857-881-1351
207,906-255-3857
207,374-933-5754
208,642-578-1608
208,224-709-6213
208,854-859-4561
209,368-985-3507
209,404-338-5917
209,784-477-4114
210,800-203-1835
210,675-752-9137
211,702-791-8401
211,491-298-1760
211,530-345-6480
212,802-716-1246
212,855-489-3872
213,269-271-6426
214,637-617-4417
214,787-209-1551
214,824-558-8728
215,776-950-6749
215,545-469-7479
215,774-251-1300
216,324-696-2657
217,834-397-5985
217,873-273-6284
217,884-346-3149
218,335-543-9546
218,686-984-5129
219,714-599-3863
220,564-688-6479
221,232-804-3076
221,295-546-5069
221,641-241-6764
222,925-220-4353
222,900-282-2820
223,471-989-6623
223,383-395-1873
223,951-667-3720
224,661-590-9330
224,703-905-9386
224,511-798-3629
225,944-880-3665
225,725-866-2558
226,328-839-2996
226,680-368-7533
226,666-651-2814
227,514-760-6707
227,371-973-5333
228,486-612-3498
228,890-875-5447
229,640-529-7285
229,599-554-1464
230,681-753-2320
231,911-711-3982
231,236-938-5113
232,791-344-1348
232,323-793-4787
233,827-628-7953
234,597-321-1116
234,364-413-6995
234,652-977-1767
235,976-912-2105
235,223-859-6011
235,639-375-1522
236,466-415-4451
236,510-254-9897
237,784-560-3644
237,631-698-8905
237,767-932-3508
238,223-490-6271
239,290-471-7557
239,419-425-6966
240,625-625-5908
241,821-564-7415
241,403-703-9277
241,674-582-5340
242,548-876-1780
242,410-259-7956
242,559-467-2968
243,915-868-9916
244,867-987-9125
245,651-264-5632
245,837-341-8540
245,237-995-3072
246,913-514-2207
246,511-829-1390
246,602-490-9553
247,917-411-1605
248,448-423-6187
249,640-546-4058
249,332-316-5005
249,610-423-1092
250,574-528-9495
250,207-303-6162
251,647-588-1336
251,298-334-2390
252,433-276-6073
252,659-969-9202
252,776-217-1475
253,999-343-7679
253,261-779-1376
253,921-704-6281
254,208-377-2624
255,333-982-7811
255,656-917-6964
256,574-585-2970
257,941-542-6596
257,597-754-6884
258,624-333-4512
259,335-549-6842
259,293-507-3826
260,507-988-3341
260,425-915-5942
261,469-669-3605
262,333-997-1329
262,336-984-6156
263,309-467-4499
264,961-763-3568
264,892-248-2495
264,676-722-9863
265,204-960-7993
265,512-415-5568
266,434-607-1605
266,429-671-8206
266,293-987-2493
267,694-616-7081
267,562-897-2370
267,275-259-2665
268,618-405-5514
268,842-601-8094
268,428-968-3891
269,296-541-6764
270,273-236-7043
271,985-430-8444
271,767-260-3487
271,552-508-4961
272,324-462-3593
273,994-682-4540
273,567-362-4586
274,688-420-8658
274,913-491-9314
274,892-910-4524
275,248-730-7000
276,491-882-7866
277,398-887-9834
277,273-805-9445
278,436-605-7630
278,809-371-3589
279,959-224-6678
279,437-325-4812
280,744-635-3780
281,700-235-2749
281,849-373-2868
281,414-218-9272
282,576-723-3532
282,945-936-8161
282,801-751-3940
283,805-709-8785
284,327-971-4743
284,200-885-3006
284,514-995-8790
285,959-922-7071
285,615-650-3983
285,510-951-8432
286,479-996-8792
286,566-638-4511
287,670-521-3022
288,542-884-6595
289,652-355-2432
290,393-997-3609
291,447-915-6807
292,677-487-5087
292,379-984-2061
293,420-568-7087
294,554-306-8310
294,551-853-9054
295,920-557-3738
295,499-523-1100
296,503-270-6793
296,882-348-3591
296,817-756-3811
297,732-960-1333
297,858-276-4725
297,296-299-3686
298,726-899-5249
299,720-619-5858
300,672-589-6208
300,384-461-1408
300,963-624-4135
301,617-436-9381
301,510-675-8273
302,353-822-1779
302,485-765-1122
303,386-878-2358
303,246-404-4933
303,693-536-7277
304,232-365-5345
304,963-480-2924
304,955-981-6889
305,806-474-6768
305,337-684-4930
305,304-407-9962
306,896-492-4301
306,607-951-8114
307,267-268-4397
307,804-700-2905
308,535-770-9198
309,351-307-5217
309,692-348-5938
310,428-980-7327
310,698-430-3281
311,357-509-3478
312,212-538-8358
312,840-230-7426
312,597-382-8327
313,782-838-5977
313,963-578-1844
313,218-249-9728
314,569-898-5389
314,762-948-3098
314,555-764-1728
315,448-986-7786
315,863-485-9645
315,747-205-5312
316,856-355-2304
316,356-750-8111
316,259-772-9864
317,202-459-1817
317,831-759-4178
318,878-679-3805
319,656-380-7687
319,821-790-5112
319,255-217-2701
320,549-387-9897
321,509-242-4846
321,225-280-8330
322,764-265-6248
322,998-512-8625
323,495-272-2490
323,333-404-5897
324,777-832-6183
325,754-622-5851
325,650-623-5067
325,732-222-8704
326,832-793-4291
327,495-402-9743
327,217-920-3706
328,892-905-9381
328,685-627-8613
328,435-985-8649
329,952-795-1376
330,677-403-2059
330,370-600-7484
330,732-247-9831
331,241-844-3883
332,275-997-6849
332,687-576-3492
332,988-359-8015
333,843-345-3537
334,967-711-6651
334,286-283-6543
335,319-263-5714
336,817-972-4434
336,285-632-5966
337,332-492-7716
337,575-845-1597
338,433-223-5282
338,891-910-5705
338,911-263-7732
339,428-239-5169
340,852-570-7872
340,722-936-7625
341,603-906-5116
342,741-988-8562
342,786-551-9240
342,217-655-9393
343,621-964-5500
343,596-466-3987
343,323-714-5886
344,638-385-9890
344,670-501-3794
344,389-499-9309
345,781-272-9240
346,483-657-3798
347,354-447-2152
347,480-316-7829
347,841-369-9200
348,456-745-3815
348,988-420-4974
348,466-883-2083
349,252-935-2641
350,517-884-8092
351,442-244-3866
351,693-976-5319
351,446-308-2638
352,756-737-6117
352,722-730-6173
352,702-291-4757
353,555-831-8875
353,884-556-7953
354,216-571-3747
354,754-959-5876
355,368-468-5923
355,290-727-5892
356,303-424-5344
357,630-944-5997
358,356-216-2543
358,836-326-3388
358,747-956-2247
359,938-734-3216
360,780-600-5396
360,545-260-1760
361,922-756-6677
361,361-979-8371
361,786-378-3986
362,805-557-4822
363,831-266-1940
363,437-396-2219
364,203-427-3603
365,980-493-6556
365,985-230-8669
365,409-280-3649
366,815-200-7639
366,864-534-6788
367,988-758-4441
367,707-234-3962
367,437-747-4185
368,953-969-5414
368,750-894-5994
369,240-744-8241
369,223-211-9008
369,411-783-1523
370,363-238-9028
371,811-544-4155
371,427-915-6747
371,663-654-3924
372,656-983-7246
373,428-419-2982
373,835-825-1465
373,242-562-7514
374,481-584-6709
374,472-346-4592
374,577-692-3292
375,597-994-6619
375,859-309-7563
376,283-980-9998
377,452-648-6238
377,569-227-3606
378,915-337-1761
379,453-928-1279
380,640-302-7057
381,707-902-6147
382,933-205-6684
383,318-991-4218
383,458-995-7946
383,339-367-7734
384,207-783-5860
384,758-361-6089
384,471-419-7095
385,825-681-9057
385,769-241-3546
385,602-553-5394
386,746-437-3928
387,930-863-7514
388,802-457-8201
389,930-444-9690
389,204-510-5638
389,409-378-3836
390,349-737-7721
391,223-521-2927
391,482-698-8751
392,788-864-4868
392,810-323-5442
392,938-362-9446
393,847-962-9362
394,263-400-6660
394,610-862-9955
394,644-506-7284
395,647-903-9234
395,979-482-2943
395,868-921-9251
396,433-882-2674
396,351-373-4051
396,522-216-7410
397,868-741-2614
397,467-880-5298
398,787-227-2483
398,685-837-6346
399,654-843-5608
399,219-680-3301
399,749-591-9047
400,537-614-4370
400,516-846-5569
400,388-523-6984
401,951-485-1173
402,807-998-3108
402,701-390-4845
402,204-539-6349
403,561-633-3068
403,906-207-5119
404,219-543-6224
404,371-952-3866
404,279-872-6116
405,629-603-3870
406,375-572-6408
407,428-232-6888
408,885-848-1513
408,782-562-7502
408,433-945-6146
409,449-657-1901
409,566-969-7021
409,725-592-2559
410,274-915-7846
410,329-977-5634
411,567-285-8750
412,697-396-4514
413,977-441-4724
413,350-482-7318
413,717-754-4975
414,728-619-7922
415,276-740-6433
416,608-416-5337
417,674-329-5083
417,758-394-5487
418,394-537-1030
418,863-837-6928
418,603-374-3705
419,599-474-2467
419,899-620-2427
419,418-227-9961
420,345-350-7393
421,570-454-1531
421,805-780-2246
421,585-511-4505
422,704-372-1738
422,369-250-5623
423,852-748-6779
423,710-877-3715
423,899-799-7890
424,912-315-1123
424,766-790-8479
425,480-726-6084
425,889-588-8655
425,488-214-4194
426,697-983-1562
426,584-431-4096
427,750-683-7643
427,659-640-3213
428,925-649-4647
429,426-792-9725
429,593-540-9453
430,827-583-9359
430,574-831-5813
431,785-596-8253
432,715-760-8357
432,914-328-6714
433,896-987-8926
433,595-402-3833
433,321-230-6654
434,770-343-5695
434,203-961-3935
435,815-463-1315
436,380-646-8674
436,837-937-4151
437,422-467-7570
438,282-919-5332
438,882-630-4176
438,522-492-8075
439,622-281-6852
439,562-896-3741
440,485-479-3853
440,965-771-7181
441,773-859-9100
441,569-384-7212
442,925-963-6710
443,360-805-9315
443,272-658-9075
443,457-419-1104
444,830-781-8388
445,852-833-3328
446,990-466-9453
447,500-865-1682
448,265-634-8459
448,690-253-7925
448,946-760-8333
449,747-693-5658
450,543-632-2531
450,577-871-1178
450,784-620-1055
451,371-906-7590
451,533-832-6066
452,645-326-3928
452,261-807-2461
452,919-618-3567
453,664-798-8646
453,431-279-5248
454,285-996-4778
454,721-426-6392
454,649-341-3714
455,434-924-7032
456,817-727-8941
456,915-887-2204
457,522-748-5185
457,638-557-6520
457,441-904-8400
458,941-867-4128
459,287-758-5271
460,878-698-5659
460,984-366-3262
460,225-768-6375
461,494-237-3009
462,827-914-9323
462,757-541-5928
462,557-873-7782
463,217-527-8946
464,293-669-9348
464,818-639-5215
464,825-406-5922
465,997-503-8401
465,319-299-6376
466,403-410-6263
466,415-773-8310
466,472-310-3272
467,996-897-4796
467,246-986-6263
468,475-919-6610
468,664-214-2000
468,614-448-2231
469,376-528-2006
470,550-452-6788
470,512-992-2530
471,951-375-4615
471,291-843-9355
472,517-620-4533
472,452-482-1596
472,229-783-7918
473,966-765-7340
473,602-895-7367
474,219-783-1029
474,704-586-9229
474,406-582-1240
475,712-991-9240
475,599-605-7757
476,887-722-8803
476,818-540-4887
476,754-324-3170
477,692-271-4544
477,558-958-5312
477,473-589-2567
478,664-688-8360
478,817-299-3078
479,901-391-8665
479,692-694-8112
480,713-234-3918
481,267-782-7901
481,411-649-5980
482,749-249-2865
482,860-580-5129
483,335-707-9582
483,318-284-1044
483,806-616-3357
484,992-498-4704
485,262-837-9880
485,350-221-5510
486,496-289-8530
486,605-423-1750
486,936-766-4736
487,745-977-5204
488,585-971-6908
488,891-834-7438
489,410-676-1383
489,416-965-6878
490,402-867-8255
490,407-909-7698
491,689-845-3592
492,317-843-7072
492,329-308-6697
493,835-819-1448
494,776-774-1165
495,255-229-9623
495,665-371-3759
496,823-810-3068
496,892-840-1527
496,248-495-1480
497,448-786-1559
497,278-734-7160
497,817-649-5201
498,691-761-5643
499,804-892-3737
499,792-410-4359
