Order ID,status,Order Date,Customer ID,Shipping ID,Coupon ID,Payment ID,Payment Amount,Payment Method,Payment Date
1,compeleted,2020-10-01,316,184,345,1,2891,cash,2020-10-02
2,compeleted,2020-10-01,70,77,393,2,2449,cash,2020-10-02
3,compeleted,2020-10-01,224,125,128,3,2260,cash,2020-10-02
4,compeleted,2020-10-01,197,261,323,4,2793,cash,2020-10-02
5,compeleted,2020-11-13,218,75,117,5,750,cash,2020-11-14
6,compeleted,2020-11-13,11,207,87,6,2663,cash,2020-11-14
7,refunded,2020-11-13,421,137,297,7,2164,cash,2020-11-14
8,canceled,2020-10-01,342,50,138,8,1548,credit card,2020-10-02
9,canceled,2020-10-01,451,315,31,9,2012,credit card,2020-10-02
10,canceled,2020-10-01,304,351,307,10,769,credit card,2020-10-02
11,refunded,2020-10-08,166,140,175,11,2228,credit card,2020-10-09
12,refunded,2020-10-21,226,3,387,12,2534,cash,2020-10-22
13,canceled,2020-12-24,292,357,30,13,1062,visa,2020-12-25
14,canceled,2020-12-24,305,31,233,14,1471,visa,2020-12-25
15,canceled,2020-12-24,257,98,344,15,978,visa,2020-12-25
16,canceled,2020-12-24,95,81,226,16,1328,visa,2020-12-25
17,canceled,2020-12-24,73,264,257,17,2303,visa,2020-12-25
18,canceled,2020-12-24,332,394,159,18,1669,visa,2020-12-25
19,canceled,2020-12-24,297,303,322,19,1881,visa,2020-12-25
20,canceled,2020-12-24,428,360,189,20,2126,visa,2020-12-25
21,canceled,2020-12-24,235,34,109,21,1198,visa,2020-12-25
22,canceled,2020-12-24,309,342,76,22,1057,visa,2020-12-25
23,canceled,2020-12-24,63,263,335,23,1808,visa,2020-12-25
24,canceled,2020-12-24,183,344,188,24,2255,visa,2020-12-25
25,compeleted,2020-12-24,464,261,80,25,1178,visa,2020-12-25
26,compeleted,2020-12-24,31,6,250,26,691,visa,2020-12-25
27,compeleted,2020-12-24,413,393,149,27,1438,visa,2020-12-25
28,compeleted,2020-12-28,440,2,39,28,1693,visa,2020-12-29
29,canceled,2020-10-01,464,187,353,29,2290,cash,2020-10-02
30,canceled,2020-10-01,326,383,262,30,2156,cash,2020-10-02
31,canceled,2020-10-22,118,289,317,31,2551,cash,2020-10-23
32,compeleted,2020-10-24,37,247,100,32,2371,cash,2020-10-25
33,compeleted,2020-10-25,497,223,271,33,865,cash,2020-10-26
34,canceled,2020-10-01,270,274,77,34,2888,visa,2020-10-02
35,canceled,2020-10-01,116,8,95,35,1055,credit card,2020-10-02
36,canceled,2020-10-01,429,159,182,36,1018,visa,2020-10-02
37,canceled,2020-10-09,389,146,132,37,2117,visa,2020-10-10
38,canceled,2020-10-16,429,297,178,38,1339,credit card,2020-10-17
39,canceled,2020-10-16,199,16,303,39,1239,visa,2020-10-17
40,canceled,2020-10-17,314,11,170,40,2874,credit card,2020-10-18
41,canceled,2020-10-17,395,4,109,41,775,visa,2020-10-18
42,canceled,2020-10-19,315,216,265,42,1829,credit card,2020-10-20
43,canceled,2020-10-24,40,14,131,43,1174,visa,2020-10-25
44,canceled,2020-10-24,448,152,187,44,1283,visa,2020-10-25
45,canceled,2020-10-01,61,388,53,45,1827,credit card,2020-10-02
46,canceled,2020-10-01,220,152,204,46,2660,credit card,2020-10-02
47,refunded,2020-10-02,476,113,32,47,2682,credit card,2020-10-03
48,refunded,2020-10-02,260,123,127,48,1254,credit card,2020-10-03
49,canceled,2020-10-01,227,386,276,49,2194,credit card,2020-10-02
50,refunded,2020-10-01,434,131,359,50,1983,cash,2020-10-02
51,refunded,2020-10-01,418,193,89,51,2993,cash,2020-10-02
52,refunded,2020-10-19,53,225,6,52,2119,cash,2020-10-20
53,refunded,2020-10-01,82,102,331,53,1161,credit card,2020-10-02
54,canceled,2020-10-09,400,91,23,54,1492,credit card,2020-10-10
55,refunded,2020-10-01,496,337,191,55,2097,cash,2020-10-02
56,compeleted,2020-10-01,271,103,99,56,2581,credit card,2020-10-02
57,compeleted,2020-10-01,404,155,294,57,2646,credit card,2020-10-02
58,canceled,2020-10-01,450,210,230,58,2985,credit card,2020-10-02
59,canceled,2020-10-01,221,17,42,59,1235,credit card,2020-10-02
60,canceled,2020-10-01,475,301,292,60,754,credit card,2020-10-02
61,compeleted,2020-10-01,451,333,240,61,2931,credit card,2020-10-02
62,canceled,2020-10-01,439,49,378,62,1013,credit card,2020-10-02
63,canceled,2020-10-11,177,58,52,63,2564,credit card,2020-10-12
64,canceled,2020-10-11,210,236,224,64,686,credit card,2020-10-12
65,canceled,2020-10-25,253,359,388,65,2794,credit card,2020-10-26
66,canceled,2020-11-01,137,398,204,66,1185,credit card,2020-11-02
67,canceled,2020-12-08,313,348,95,67,2722,credit card,2020-12-09
68,canceled,2020-12-08,228,167,308,68,1493,credit card,2020-12-09
69,canceled,2020-12-08,14,144,334,69,2097,credit card,2020-12-09
70,canceled,2020-12-08,113,339,358,70,2512,credit card,2020-12-09
71,canceled,2020-12-08,168,230,149,71,1890,credit card,2020-12-09
72,canceled,2020-12-08,461,380,127,72,835,credit card,2020-12-09
73,canceled,2020-12-08,131,178,159,73,2919,credit card,2020-12-09
74,canceled,2020-12-08,162,304,364,74,1497,credit card,2020-12-09
75,canceled,2020-12-08,433,147,398,75,1493,credit card,2020-12-09
76,canceled,2020-12-08,256,308,273,76,1450,credit card,2020-12-09
77,canceled,2020-12-08,309,201,79,77,1391,credit card,2020-12-09
78,canceled,2020-12-08,483,197,81,78,2442,credit card,2020-12-09
79,canceled,2020-12-08,131,22,314,79,1379,credit card,2020-12-09
80,canceled,2020-12-23,8,349,48,80,511,credit card,2020-12-24
81,canceled,2020-12-23,441,129,203,81,826,credit card,2020-12-24
82,canceled,2020-12-23,394,279,155,82,1171,credit card,2020-12-24
83,canceled,2020-12-23,325,282,371,83,853,credit card,2020-12-24
84,canceled,2020-12-23,377,25,12,84,2350,credit card,2020-12-24
85,canceled,2020-12-23,417,367,186,85,611,credit card,2020-12-24
86,canceled,2020-12-23,478,211,153,86,939,credit card,2020-12-24
87,canceled,2020-12-23,477,124,373,87,2487,credit card,2020-12-24
88,canceled,2020-12-23,375,210,317,88,968,credit card,2020-12-24
89,canceled,2020-12-23,117,7,282,89,1937,credit card,2020-12-24
90,canceled,2020-12-23,274,379,181,90,817,credit card,2020-12-24
91,canceled,2021-02-01,352,163,327,91,1665,credit card,2021-02-02
92,canceled,2021-06-25,440,271,264,92,829,credit card,2021-06-26
93,canceled,2021-06-25,162,23,290,93,1064,credit card,2021-06-26
94,canceled,2021-06-25,129,233,297,94,892,credit card,2021-06-26
95,canceled,2021-06-25,51,314,140,95,923,credit card,2021-06-26
96,canceled,2021-06-25,383,102,27,96,1059,credit card,2021-06-26
97,canceled,2021-06-25,41,75,121,97,2667,credit card,2021-06-26
98,canceled,2021-06-25,195,269,16,98,663,credit card,2021-06-26
99,canceled,2021-06-25,356,391,211,99,620,credit card,2021-06-26
100,canceled,2021-09-19,196,50,255,100,1361,credit card,2021-09-20
101,canceled,2021-09-19,141,74,105,101,1304,credit card,2021-09-20
102,canceled,2021-09-19,47,221,355,102,784,credit card,2021-09-20
103,canceled,2021-09-19,456,225,256,103,919,credit card,2021-09-20
104,canceled,2021-09-19,453,272,101,104,724,credit card,2021-09-20
105,refunded,2020-10-01,395,308,223,105,889,cash,2020-10-02
106,canceled,2020-10-01,415,200,356,106,923,cash,2020-10-02
107,compeleted,2020-10-01,143,245,43,107,2355,visa,2020-10-02
108,compeleted,2020-10-01,137,76,369,108,2948,visa,2020-10-02
109,compeleted,2020-10-01,190,80,271,109,1399,visa,2020-10-02
110,canceled,2020-10-10,246,231,61,110,2677,visa,2020-10-11
111,canceled,2020-10-10,307,273,86,111,506,visa,2020-10-11
112,canceled,2020-10-10,57,233,67,112,1406,visa,2020-10-11
113,canceled,2020-10-10,390,109,214,113,852,visa,2020-10-11
114,canceled,2020-10-10,6,139,334,114,1538,visa,2020-10-11
115,canceled,2020-10-14,223,299,28,115,2634,visa,2020-10-15
116,canceled,2020-10-14,231,306,366,116,1425,visa,2020-10-15
117,canceled,2020-10-14,47,216,117,117,2152,visa,2020-10-15
118,canceled,2020-10-14,17,55,174,118,2853,visa,2020-10-15
119,canceled,2020-10-14,233,275,171,119,1876,visa,2020-10-15
120,canceled,2020-10-14,328,192,382,120,2592,visa,2020-10-15
121,canceled,2020-10-14,481,227,307,121,2538,visa,2020-10-15
122,canceled,2020-10-14,160,144,259,122,2558,visa,2020-10-15
123,canceled,2020-10-14,317,307,46,123,2982,visa,2020-10-15
124,canceled,2020-10-14,218,292,65,124,1855,visa,2020-10-15
125,canceled,2020-10-14,187,373,14,125,2285,visa,2020-10-15
126,compeleted,2020-10-17,493,56,224,126,1528,cash,2020-10-18
127,compeleted,2020-10-17,373,99,78,127,2705,cash,2020-10-18
128,compeleted,2020-10-17,352,234,33,128,1241,cash,2020-10-18
129,compeleted,2020-10-17,219,48,284,129,2158,cash,2020-10-18
130,compeleted,2020-10-17,384,377,71,130,1460,cash,2020-10-18
131,compeleted,2020-10-17,33,84,120,131,2364,cash,2020-10-18
132,compeleted,2020-10-17,425,286,278,132,1350,cash,2020-10-18
133,compeleted,2020-11-07,91,20,346,133,1805,visa,2020-11-08
134,compeleted,2020-11-07,480,346,269,134,1597,visa,2020-11-08
135,compeleted,2020-11-07,83,97,252,135,1773,visa,2020-11-08
136,compeleted,2020-12-20,173,26,43,136,692,visa,2020-12-21
137,compeleted,2020-12-20,479,223,154,137,2876,visa,2020-12-21
138,compeleted,2020-12-20,175,94,124,138,628,visa,2020-12-21
139,compeleted,2021-02-17,287,310,50,139,2264,visa,2021-02-18
140,compeleted,2021-02-17,285,356,58,140,922,visa,2021-02-18
141,canceled,2021-04-02,471,69,377,141,1421,visa,2021-04-03
142,canceled,2021-04-02,425,83,253,142,2764,visa,2021-04-03
143,canceled,2021-04-02,383,96,179,143,2563,visa,2021-04-03
144,canceled,2021-04-06,156,354,12,144,2008,visa,2021-04-07
145,canceled,2021-04-06,108,377,138,145,1661,visa,2021-04-07
146,compeleted,2021-04-06,362,393,141,146,2502,visa,2021-04-07
147,compeleted,2021-04-06,470,52,142,147,1829,visa,2021-04-07
148,compeleted,2021-04-06,439,241,21,148,771,visa,2021-04-07
149,compeleted,2021-04-12,208,387,356,149,1588,visa,2021-04-13
150,compeleted,2021-04-12,448,186,135,150,2055,visa,2021-04-13
151,compeleted,2021-04-12,138,80,328,151,2494,visa,2021-04-13
152,compeleted,2021-04-12,316,218,217,152,2201,visa,2021-04-13
153,compeleted,2021-07-23,307,190,276,153,1598,visa,2021-07-24
154,compeleted,2021-07-23,214,229,56,154,1259,visa,2021-07-24
155,compeleted,2021-07-23,495,200,232,155,738,visa,2021-07-24
156,compeleted,2021-07-28,259,59,202,156,2196,visa,2021-07-29
157,compeleted,2021-07-28,418,56,251,157,2442,visa,2021-07-29
158,refunded,2021-08-17,209,219,44,158,1726,visa,2021-08-18
159,compeleted,2020-10-01,438,146,228,159,1060,cash,2020-10-02
160,canceled,2020-10-01,427,362,343,160,1606,credit card,2020-10-02
161,refunded,2020-10-25,223,151,370,161,1939,cash,2020-10-26
162,refunded,2020-11-06,282,17,55,162,2859,cash,2020-11-07
163,canceled,2020-11-21,407,42,162,163,1920,visa,2020-11-22
164,canceled,2020-11-21,80,199,318,164,1791,credit card,2020-11-22
165,canceled,2020-11-21,315,315,149,165,1708,credit card,2020-11-22
166,refunded,2020-12-13,42,1,220,166,1765,cash,2020-12-14
167,canceled,2020-12-20,374,362,368,167,1249,visa,2020-12-21
168,canceled,2020-12-20,252,232,225,168,572,visa,2020-12-21
169,compeleted,2020-12-20,76,225,184,169,2680,master card,2020-12-21
170,compeleted,2020-12-20,245,252,40,170,1689,master card,2020-12-21
171,compeleted,2020-12-22,394,159,294,171,785,master card,2020-12-23
172,compeleted,2020-12-22,402,221,63,172,807,master card,2020-12-23
173,compeleted,2020-12-22,179,257,38,173,910,master card,2020-12-23
174,canceled,2020-12-22,118,368,203,174,794,master card,2020-12-23
175,compeleted,2021-02-04,304,365,54,175,1415,cash,2021-02-05
176,canceled,2021-03-01,103,137,299,176,725,visa,2021-03-02
177,canceled,2021-03-01,286,230,280,177,1543,visa,2021-03-02
178,canceled,2021-03-01,483,302,104,178,1536,visa,2021-03-02
179,canceled,2021-03-01,360,397,355,179,512,visa,2021-03-02
180,refunded,2021-03-03,376,385,53,180,1153,cash,2021-03-04
181,refunded,2021-03-03,234,335,306,181,1630,cash,2021-03-04
182,refunded,2021-04-03,4,374,267,182,835,master card,2021-04-04
183,compeleted,2021-04-03,399,249,65,183,1866,master card,2021-04-04
184,compeleted,2021-04-15,211,267,367,184,1683,master card,2021-04-16
185,compeleted,2021-05-21,27,68,148,185,2019,cash,2021-05-22
186,refunded,2020-10-01,166,169,216,186,2558,cash,2020-10-02
187,refunded,2020-10-01,185,71,253,187,2028,cash,2020-10-02
188,compeleted,2020-10-12,489,200,279,188,942,cash,2020-10-13
189,compeleted,2020-10-12,21,123,143,189,1921,cash,2020-10-13
190,refunded,2020-12-20,147,378,151,190,1578,cash,2020-12-21
191,refunded,2020-12-20,298,66,127,191,813,cash,2020-12-21
192,refunded,2020-12-20,41,251,319,192,2175,cash,2020-12-21
193,compeleted,2021-06-29,78,278,125,193,1530,cash,2021-06-30
194,compeleted,2021-06-29,115,119,391,194,2597,cash,2021-06-30
195,compeleted,2021-06-29,422,252,342,195,2349,cash,2021-06-30
196,refunded,2021-06-29,125,209,7,196,2862,cash,2021-06-30
197,refunded,2021-06-29,460,293,202,197,1623,cash,2021-06-30
198,refunded,2021-06-29,273,251,351,198,1490,cash,2021-06-30
199,refunded,2021-06-29,241,339,83,199,2872,cash,2021-06-30
200,refunded,2021-06-29,336,395,4,200,931,cash,2021-06-30
201,refunded,2021-06-29,128,204,215,201,2688,cash,2021-06-30
202,refunded,2021-06-29,366,190,341,202,2818,cash,2021-06-30
203,refunded,2021-06-29,1,319,336,203,1151,cash,2021-06-30
204,refunded,2021-06-29,443,7,183,204,1252,cash,2021-06-30
205,compeleted,2020-10-01,198,289,150,205,2472,cash,2020-10-02
206,canceled,2020-10-01,154,220,318,206,2081,credit card,2020-10-02
207,canceled,2020-10-01,86,278,160,207,560,credit card,2020-10-02
208,compeleted,2020-10-01,293,164,367,208,1459,credit card,2020-10-02
209,compeleted,2020-10-01,201,330,59,209,2148,credit card,2020-10-02
210,refunded,2020-10-01,473,15,232,210,1373,cash,2020-10-02
211,canceled,2020-10-01,173,358,177,211,2388,credit card,2020-10-02
212,canceled,2020-10-01,64,258,274,212,2499,credit card,2020-10-02
213,canceled,2020-10-01,386,256,191,213,1828,credit card,2020-10-02
214,canceled,2020-10-01,496,323,191,214,1924,credit card,2020-10-02
215,canceled,2020-10-01,267,169,359,215,1101,credit card,2020-10-02
216,canceled,2020-10-01,328,222,181,216,2781,credit card,2020-10-02
217,canceled,2020-10-01,76,164,47,217,1919,credit card,2020-10-02
218,canceled,2020-10-01,64,27,321,218,2478,credit card,2020-10-02
219,canceled,2020-10-01,238,160,81,219,2151,credit card,2020-10-02
220,canceled,2020-10-01,79,29,146,220,2567,credit card,2020-10-02
221,canceled,2020-10-01,249,272,172,221,829,credit card,2020-10-02
222,canceled,2020-10-01,112,191,210,222,793,credit card,2020-10-02
223,canceled,2020-10-01,316,130,68,223,2921,credit card,2020-10-02
224,canceled,2020-10-01,57,150,166,224,2337,credit card,2020-10-02
225,canceled,2020-10-01,427,99,20,225,2574,credit card,2020-10-02
226,canceled,2020-10-01,129,377,283,226,909,credit card,2020-10-02
227,canceled,2020-10-01,363,64,69,227,2039,credit card,2020-10-02
228,canceled,2020-10-01,117,221,34,228,2096,credit card,2020-10-02
229,canceled,2020-10-01,215,375,180,229,1257,credit card,2020-10-02
230,canceled,2020-10-01,433,342,360,230,1167,credit card,2020-10-02
231,canceled,2020-10-01,297,8,317,231,975,credit card,2020-10-02
232,canceled,2020-10-01,116,305,113,232,668,credit card,2020-10-02
233,canceled,2020-10-01,109,228,90,233,1496,credit card,2020-10-02
234,canceled,2020-10-01,145,26,399,234,2236,credit card,2020-10-02
235,canceled,2020-10-01,371,196,248,235,1578,credit card,2020-10-02
236,canceled,2020-10-01,340,366,100,236,1019,credit card,2020-10-02
237,canceled,2020-10-01,267,298,270,237,515,credit card,2020-10-02
238,canceled,2020-10-01,382,55,270,238,2459,credit card,2020-10-02
239,canceled,2020-10-01,424,183,146,239,760,credit card,2020-10-02
240,canceled,2020-10-01,353,310,335,240,2924,credit card,2020-10-02
241,compeleted,2020-10-01,454,271,315,241,1235,credit card,2020-10-02
242,compeleted,2020-10-01,24,245,243,242,2867,credit card,2020-10-02
243,compeleted,2020-10-01,423,115,339,243,2986,credit card,2020-10-02
244,compeleted,2020-10-06,135,145,320,244,531,credit card,2020-10-07
245,compeleted,2020-10-06,25,115,269,245,1435,credit card,2020-10-07
246,compeleted,2020-10-06,285,187,245,246,2869,credit card,2020-10-07
247,compeleted,2020-10-06,323,319,234,247,521,credit card,2020-10-07
248,compeleted,2020-10-06,321,313,195,248,588,credit card,2020-10-07
249,compeleted,2020-10-06,221,141,67,249,679,credit card,2020-10-07
250,compeleted,2020-10-06,468,59,229,250,2013,credit card,2020-10-07
251,compeleted,2020-10-06,209,121,284,251,1457,credit card,2020-10-07
252,compeleted,2020-10-06,353,300,364,252,2703,credit card,2020-10-07
253,compeleted,2020-10-06,346,194,202,253,869,credit card,2020-10-07
254,compeleted,2020-10-06,372,104,184,254,632,credit card,2020-10-07
255,compeleted,2020-10-06,198,394,114,255,938,credit card,2020-10-07
256,compeleted,2020-10-06,392,340,35,256,2576,credit card,2020-10-07
257,compeleted,2020-10-06,3,335,337,257,683,credit card,2020-10-07
258,compeleted,2020-10-06,323,171,359,258,1916,credit card,2020-10-07
259,compeleted,2020-10-06,258,161,247,259,1281,credit card,2020-10-07
260,compeleted,2020-10-06,79,196,306,260,2516,credit card,2020-10-07
261,compeleted,2020-10-06,151,371,22,261,519,credit card,2020-10-07
262,compeleted,2020-10-06,111,82,365,262,1442,credit card,2020-10-07
263,compeleted,2020-10-06,284,140,293,263,1599,credit card,2020-10-07
264,compeleted,2020-10-06,497,126,254,264,1504,credit card,2020-10-07
265,compeleted,2020-10-06,246,106,261,265,2368,credit card,2020-10-07
266,compeleted,2020-10-06,361,272,145,266,2100,credit card,2020-10-07
267,compeleted,2020-10-06,2,224,246,267,1071,credit card,2020-10-07
268,compeleted,2020-10-06,62,174,190,268,799,credit card,2020-10-07
269,compeleted,2020-10-06,395,35,42,269,2834,credit card,2020-10-07
270,canceled,2020-10-12,455,360,190,270,1023,cash,2020-10-13
271,canceled,2020-10-12,330,109,85,271,2732,cash,2020-10-13
272,canceled,2020-10-12,489,385,242,272,2099,cash,2020-10-13
273,canceled,2020-10-12,359,112,304,273,1892,cash,2020-10-13
274,compeleted,2020-10-01,468,38,179,274,2417,cash,2020-10-02
275,compeleted,2020-10-01,413,212,377,275,2549,cash,2020-10-02
276,compeleted,2020-10-05,317,345,158,276,913,cash,2020-10-06
277,compeleted,2020-10-05,186,166,73,277,2556,cash,2020-10-06
278,compeleted,2020-10-05,243,183,176,278,522,cash,2020-10-06
279,compeleted,2020-10-01,310,228,343,279,1262,cash,2020-10-02
280,compeleted,2020-10-01,494,280,205,280,2813,cash,2020-10-02
281,canceled,2020-10-01,3,326,266,281,836,cash,2020-10-02
282,refunded,2020-12-01,175,246,214,282,509,cash,2020-12-02
283,canceled,2020-12-07,314,114,267,283,799,cash,2020-12-08
284,canceled,2020-12-07,296,331,388,284,2316,cash,2020-12-08
285,canceled,2020-12-07,384,376,379,285,1470,cash,2020-12-08
286,refunded,2020-12-07,75,101,384,286,2963,cash,2020-12-08
287,refunded,2020-12-07,43,195,132,287,835,cash,2020-12-08
288,refunded,2020-12-07,179,131,51,288,2355,cash,2020-12-08
289,compeleted,2020-12-08,8,193,274,289,1922,cash,2020-12-09
290,refunded,2020-12-20,184,107,338,290,2908,master card,2020-12-21
291,refunded,2020-12-20,8,358,291,291,1443,master card,2020-12-21
292,refunded,2020-12-20,288,380,40,292,1875,master card,2020-12-21
293,compeleted,2020-12-27,348,90,370,293,1162,master card,2020-12-28
294,compeleted,2020-12-27,350,338,249,294,2006,master card,2020-12-28
295,canceled,2020-12-27,279,20,349,295,2516,visa,2020-12-28
296,compeleted,2020-12-27,265,165,18,296,1976,master card,2020-12-28
297,canceled,2021-01-21,446,57,268,297,2162,cash,2021-01-22
298,refunded,2021-01-24,223,168,46,298,1266,cash,2021-01-25
299,canceled,2021-01-25,368,21,30,299,1189,cash,2021-01-26
300,refunded,2021-02-09,79,26,396,300,1551,cash,2021-02-10
301,refunded,2021-02-14,384,128,197,301,515,cash,2021-02-15
302,compeleted,2021-02-19,126,359,68,302,613,cash,2021-02-20
303,canceled,2021-02-20,234,88,12,303,2911,cash,2021-02-21
304,canceled,2021-02-26,467,399,362,304,754,cash,2021-02-27
305,refunded,2021-02-28,358,282,148,305,1311,cash,2021-03-01
306,compeleted,2021-03-17,467,399,102,306,2152,cash,2021-03-18
307,refunded,2021-03-20,52,111,305,307,1042,cash,2021-03-21
308,refunded,2021-03-25,483,206,199,308,2445,cash,2021-03-26
309,canceled,2021-03-25,200,372,70,309,985,visa,2021-03-26
310,canceled,2021-03-27,426,348,249,310,2956,cash,2021-03-28
311,canceled,2021-04-03,21,137,303,311,2109,visa,2021-04-04
312,refunded,2021-04-03,202,129,361,312,2610,cash,2021-04-04
313,refunded,2021-04-14,485,120,253,313,925,cash,2021-04-15
314,canceled,2021-05-19,264,203,285,314,2384,cash,2021-05-20
315,refunded,2021-05-19,300,237,159,315,1248,cash,2021-05-20
316,refunded,2021-05-19,257,10,309,316,2195,cash,2021-05-20
317,refunded,2021-05-28,472,205,375,317,2287,cash,2021-05-29
318,refunded,2021-05-28,86,288,106,318,1475,cash,2021-05-29
319,refunded,2021-05-28,442,364,200,319,2894,cash,2021-05-29
320,refunded,2021-05-30,302,378,45,320,1649,cash,2021-05-31
321,refunded,2021-05-31,383,28,295,321,1729,cash,2021-06-01
322,compeleted,2021-06-08,344,130,389,322,2475,visa,2021-06-09
323,compeleted,2021-06-08,122,341,222,323,2950,visa,2021-06-09
324,compeleted,2021-06-08,120,43,125,324,2924,visa,2021-06-09
325,refunded,2021-06-11,163,5,108,325,730,cash,2021-06-12
326,canceled,2021-06-20,242,122,168,326,2605,cash,2021-06-21
327,canceled,2021-06-20,78,211,310,327,1842,cash,2021-06-21
328,canceled,2021-06-20,127,386,335,328,906,cash,2021-06-21
329,canceled,2021-06-20,300,62,4,329,1698,cash,2021-06-21
330,canceled,2021-06-24,394,127,387,330,1339,cash,2021-06-25
331,canceled,2021-06-24,15,63,108,331,2943,cash,2021-06-25
332,refunded,2021-06-29,377,336,129,332,1144,cash,2021-06-30
333,canceled,2021-07-08,396,129,336,333,1206,visa,2021-07-09
334,canceled,2021-07-08,329,382,186,334,1561,visa,2021-07-09
335,refunded,2021-07-11,71,284,211,335,2342,cash,2021-07-12
336,refunded,2021-07-22,174,11,169,336,2152,cash,2021-07-23
337,refunded,2021-08-17,110,364,128,337,1597,cash,2021-08-18
338,compeleted,2021-09-11,403,29,358,338,2150,cash,2021-09-12
339,compeleted,2021-09-11,391,387,382,339,946,cash,2021-09-12
340,refunded,2021-09-11,186,293,206,340,957,cash,2021-09-12
341,refunded,2021-09-11,496,328,251,341,1722,cash,2021-09-12
342,canceled,2021-09-16,339,384,72,342,1815,visa,2021-09-17
343,canceled,2021-09-16,381,86,70,343,893,visa,2021-09-17
344,canceled,2021-09-16,399,188,194,344,1678,visa,2021-09-17
345,canceled,2021-09-17,262,84,8,345,2370,cash,2021-09-18
346,refunded,2020-10-01,367,381,279,346,868,cash,2020-10-02
347,compeleted,2020-10-01,488,215,45,347,1614,credit card,2020-10-02
348,compeleted,2020-10-01,319,13,236,348,1739,credit card,2020-10-02
349,refunded,2020-10-17,215,345,246,349,2578,credit card,2020-10-18
350,refunded,2020-10-17,452,103,320,350,2799,credit card,2020-10-18
351,compeleted,2020-10-21,303,313,241,351,803,credit card,2020-10-22
352,canceled,2021-02-20,170,385,296,352,1073,credit card,2021-02-21
353,canceled,2021-02-20,245,240,238,353,1334,credit card,2021-02-21
354,canceled,2020-10-01,244,10,325,354,2666,cash,2020-10-02
355,refunded,2020-10-01,128,153,383,355,1494,credit card,2020-10-02
356,compeleted,2020-10-01,59,115,182,356,784,cash,2020-10-02
357,refunded,2020-10-16,136,101,100,357,1287,cash,2020-10-17
358,refunded,2020-10-16,348,127,131,358,791,cash,2020-10-17
359,compeleted,2020-11-15,311,133,397,359,2875,cash,2020-11-16
360,compeleted,2020-11-15,46,280,64,360,1305,cash,2020-11-16
361,compeleted,2020-10-01,180,103,90,361,1874,cash,2020-10-02
362,compeleted,2020-10-01,44,92,372,362,2497,cash,2020-10-02
363,compeleted,2020-10-01,42,243,349,363,2898,cash,2020-10-02
364,compeleted,2020-10-01,237,312,385,364,1318,cash,2020-10-02
365,compeleted,2020-10-01,391,309,274,365,2796,cash,2020-10-02
366,compeleted,2020-10-01,203,356,33,366,1918,cash,2020-10-02
367,compeleted,2020-10-01,405,153,75,367,2564,cash,2020-10-02
368,compeleted,2020-10-01,266,67,354,368,614,cash,2020-10-02
369,compeleted,2020-10-01,93,222,350,369,1119,cash,2020-10-02
370,compeleted,2020-10-01,34,326,217,370,1776,cash,2020-10-02
371,refunded,2020-10-09,355,162,175,371,1275,cash,2020-10-10
372,refunded,2020-10-09,164,111,383,372,1060,cash,2020-10-10
373,canceled,2020-10-10,289,237,330,373,2502,cash,2020-10-11
374,canceled,2020-10-10,141,296,257,374,2881,cash,2020-10-11
375,canceled,2020-10-10,174,10,161,375,2904,cash,2020-10-11
376,refunded,2020-10-15,412,71,89,376,2264,cash,2020-10-16
377,compeleted,2020-11-13,46,193,390,377,1391,cash,2020-11-14
378,compeleted,2020-12-20,300,317,251,378,1632,master card,2020-12-21
379,compeleted,2020-12-21,158,146,117,379,1110,visa,2020-12-22
380,refunded,2020-12-21,447,68,357,380,549,cash,2020-12-22
381,compeleted,2020-12-21,404,283,136,381,2915,cash,2020-12-22
382,compeleted,2020-12-21,201,252,82,382,2018,cash,2020-12-22
383,compeleted,2020-12-21,114,209,62,383,744,visa,2020-12-22
384,compeleted,2020-12-21,253,379,261,384,846,visa,2020-12-22
385,canceled,2020-12-22,305,79,272,385,957,visa,2020-12-23
386,canceled,2020-12-22,25,118,212,386,620,visa,2020-12-23
387,canceled,2020-12-22,297,110,5,387,2160,visa,2020-12-23
388,compeleted,2020-12-22,115,334,302,388,951,visa,2020-12-23
389,compeleted,2020-12-22,365,266,221,389,2500,visa,2020-12-23
390,canceled,2020-12-24,228,55,287,390,1406,visa,2020-12-25
391,canceled,2020-12-24,408,89,80,391,2543,visa,2020-12-25
392,canceled,2020-12-24,498,209,170,392,1976,visa,2020-12-25
393,canceled,2020-12-26,408,341,213,393,1113,master card,2020-12-27
394,canceled,2020-12-27,180,111,54,394,1486,master card,2020-12-28
395,compeleted,2020-12-27,19,139,289,395,1547,master card,2020-12-28
396,compeleted,2020-12-27,147,35,184,396,2797,visa,2020-12-28
397,canceled,2020-12-27,320,134,24,397,1549,master card,2020-12-28
398,canceled,2020-12-27,117,36,111,398,1660,visa,2020-12-28
399,canceled,2020-12-27,296,297,334,399,2066,visa,2020-12-28
400,canceled,2020-12-27,100,189,144,400,1283,visa,2020-12-28
401,compeleted,2020-12-29,44,258,286,401,2674,cash,2020-12-30
402,compeleted,2020-12-29,460,119,347,402,2077,cash,2020-12-30
403,canceled,2020-12-29,352,173,198,403,1366,master card,2020-12-30
404,compeleted,2020-12-29,392,160,163,404,588,master card,2020-12-30
405,compeleted,2020-12-29,114,298,80,405,1425,cash,2020-12-30
406,compeleted,2020-12-29,86,382,328,406,2242,cash,2020-12-30
407,canceled,2020-12-31,61,148,338,407,2910,master card,2021-01-01
408,canceled,2021-01-18,30,284,258,408,611,visa,2021-01-19
409,compeleted,2021-02-01,255,390,265,409,2314,cash,2021-02-02
410,compeleted,2021-02-01,16,218,243,410,1025,cash,2021-02-02
411,compeleted,2021-02-01,486,9,98,411,501,cash,2021-02-02
412,compeleted,2021-02-01,354,374,225,412,2756,cash,2021-02-02
413,compeleted,2021-02-01,255,325,362,413,861,cash,2021-02-02
414,compeleted,2021-02-01,399,142,101,414,1399,cash,2021-02-02
415,compeleted,2021-02-01,45,18,313,415,2162,cash,2021-02-02
416,compeleted,2021-02-03,171,167,293,416,2678,cash,2021-02-04
417,refunded,2021-02-05,229,113,321,417,830,cash,2021-02-06
418,compeleted,2021-02-05,400,234,87,418,2349,cash,2021-02-06
419,compeleted,2021-02-05,268,235,298,419,1427,cash,2021-02-06
420,compeleted,2021-02-13,373,276,307,420,2887,cash,2021-02-14
421,canceled,2021-03-01,185,244,145,421,2527,visa,2021-03-02
422,canceled,2021-03-01,254,211,249,422,1806,visa,2021-03-02
423,compeleted,2021-03-01,99,171,387,423,1312,cash,2021-03-02
424,compeleted,2021-03-01,252,180,25,424,865,cash,2021-03-02
425,refunded,2020-10-01,187,109,18,425,2114,cash,2020-10-02
426,compeleted,2020-10-01,185,14,131,426,1843,cash,2020-10-02
427,compeleted,2020-10-01,29,346,112,427,530,cash,2020-10-02
428,compeleted,2020-10-01,325,39,227,428,2553,cash,2020-10-02
429,canceled,2020-12-20,91,84,68,429,1914,master card,2020-12-21
430,canceled,2020-12-20,369,287,3,430,2249,visa,2020-12-21
431,canceled,2020-12-20,445,329,19,431,2348,visa,2020-12-21
432,canceled,2020-12-20,389,40,374,432,2796,visa,2020-12-21
433,canceled,2020-12-20,194,2,272,433,2395,visa,2020-12-21
434,compeleted,2020-12-20,226,350,188,434,2264,master card,2020-12-21
435,compeleted,2020-12-20,398,322,390,435,2109,master card,2020-12-21
436,compeleted,2020-12-20,51,164,345,436,2421,master card,2020-12-21
437,compeleted,2020-12-20,67,95,20,437,1688,master card,2020-12-21
438,canceled,2020-12-29,264,19,287,438,2750,visa,2020-12-30
439,canceled,2020-12-29,5,239,304,439,2001,visa,2020-12-30
440,canceled,2020-12-29,225,244,289,440,2364,visa,2020-12-30
441,canceled,2020-10-01,294,23,391,441,883,cash,2020-10-02
442,refunded,2020-10-01,354,316,275,442,2207,cash,2020-10-02
443,compeleted,2020-10-01,124,337,135,443,2612,cash,2020-10-02
444,refunded,2021-02-23,277,295,324,444,804,cash,2021-02-24
445,compeleted,2020-10-01,335,176,166,445,2318,credit card,2020-10-02
446,canceled,2020-10-09,366,191,257,446,1814,credit card,2020-10-10
447,refunded,2020-10-01,82,289,174,447,2863,credit card,2020-10-02
448,canceled,2020-10-16,122,41,193,448,2313,visa,2020-10-17
449,canceled,2020-10-01,216,386,283,449,2309,cash,2020-10-02
450,compeleted,2020-10-01,478,297,81,450,1569,cash,2020-10-02
451,compeleted,2020-10-01,389,157,259,451,1680,cash,2020-10-02
452,canceled,2020-10-01,9,350,47,452,1593,visa,2020-10-02
453,canceled,2020-10-01,170,353,296,453,536,credit card,2020-10-02
454,compeleted,2020-10-01,174,302,9,454,511,credit card,2020-10-02
455,compeleted,2020-10-02,321,76,332,455,2826,credit card,2020-10-03
456,compeleted,2020-10-01,1,85,376,456,701,cash,2020-10-02
457,compeleted,2020-10-12,312,324,105,457,2062,cash,2020-10-13
458,refunded,2020-10-31,74,108,84,458,843,cash,2020-11-01
459,refunded,2020-11-06,474,316,160,459,2048,cash,2020-11-07
460,refunded,2020-11-07,217,153,204,460,2630,cash,2020-11-08
461,refunded,2020-11-07,204,110,107,461,2809,cash,2020-11-08
462,refunded,2020-11-11,163,270,201,462,1346,cash,2020-11-12
463,canceled,2020-11-13,30,244,264,463,992,cash,2020-11-14
464,canceled,2020-11-13,90,56,151,464,2981,cash,2020-11-14
465,canceled,2020-11-13,430,365,219,465,1710,cash,2020-11-14
466,canceled,2020-11-13,282,347,125,466,612,cash,2020-11-14
467,refunded,2020-11-18,322,16,87,467,2314,cash,2020-11-19
468,refunded,2020-11-22,83,363,13,468,1871,cash,2020-11-23
469,refunded,2020-11-23,368,127,327,469,1565,cash,2020-11-24
470,refunded,2020-11-23,232,12,77,470,1556,cash,2020-11-24
471,compeleted,2020-11-26,134,116,95,471,1925,cash,2020-11-27
472,refunded,2020-11-27,370,395,206,472,1207,cash,2020-11-28
473,refunded,2020-12-03,77,317,381,473,1843,cash,2020-12-04
474,refunded,2020-12-06,387,260,285,474,805,cash,2020-12-07
475,refunded,2020-12-06,7,327,250,475,912,cash,2020-12-07
476,canceled,2020-12-09,42,151,199,476,2750,cash,2020-12-10
477,compeleted,2020-12-09,193,185,38,477,2557,cash,2020-12-10
478,refunded,2020-12-09,89,72,181,478,1127,cash,2020-12-10
479,compeleted,2020-12-10,119,318,112,479,1672,cash,2020-12-11
480,refunded,2020-12-12,94,242,88,480,2805,cash,2020-12-13
481,compeleted,2020-12-13,459,285,365,481,2134,cash,2020-12-14
482,canceled,2020-12-19,466,145,288,482,2927,visa,2020-12-20
483,canceled,2020-12-19,59,88,268,483,2578,visa,2020-12-20
484,compeleted,2020-12-19,12,314,210,484,2211,visa,2020-12-20
485,compeleted,2020-12-19,472,100,150,485,2958,visa,2020-12-20
486,compeleted,2020-12-20,306,333,91,486,785,visa,2020-12-21
487,compeleted,2020-12-20,7,269,14,487,1208,visa,2020-12-21
488,compeleted,2020-12-20,193,100,365,488,2267,visa,2020-12-21
489,compeleted,2020-12-20,200,53,126,489,2972,visa,2020-12-21
490,canceled,2020-12-20,88,259,280,490,2400,cash,2020-12-21
491,compeleted,2020-12-20,460,362,314,491,1763,visa,2020-12-21
492,canceled,2020-12-20,107,47,315,492,528,visa,2020-12-21
493,canceled,2020-12-20,351,234,199,493,1638,visa,2020-12-21
494,canceled,2020-12-20,50,254,242,494,782,visa,2020-12-21
495,canceled,2020-12-20,457,348,374,495,1444,visa,2020-12-21
496,canceled,2020-12-20,499,93,51,496,960,visa,2020-12-21
497,canceled,2020-12-20,374,126,63,497,1974,visa,2020-12-21
498,compeleted,2020-12-20,490,34,234,498,1181,cash,2020-12-21
499,compeleted,2020-12-20,371,5,35,499,2464,cash,2020-12-21
500,compeleted,2020-12-20,379,361,260,500,2990,cash,2020-12-21
501,refunded,2020-12-20,1,185,352,501,2239,cash,2020-12-21
502,compeleted,2020-12-20,285,166,59,502,725,cash,2020-12-21
503,compeleted,2020-12-20,282,379,292,503,1555,cash,2020-12-21
504,compeleted,2020-12-20,207,47,180,504,999,cash,2020-12-21
505,compeleted,2020-12-20,252,359,275,505,1335,cash,2020-12-21
506,canceled,2020-12-20,18,203,348,506,636,visa,2020-12-21
507,canceled,2020-12-20,155,87,396,507,2099,visa,2020-12-21
508,canceled,2020-12-20,87,60,322,508,1197,visa,2020-12-21
509,canceled,2020-12-20,59,389,216,509,905,visa,2020-12-21
510,canceled,2020-12-20,3,262,357,510,2958,visa,2020-12-21
511,refunded,2020-12-20,290,78,287,511,875,cash,2020-12-21
512,compeleted,2020-12-20,347,290,4,512,2600,cash,2020-12-21
513,canceled,2020-12-20,236,88,250,513,1225,visa,2020-12-21
514,compeleted,2020-12-20,331,170,255,514,2396,cash,2020-12-21
515,compeleted,2020-12-20,115,321,48,515,1221,visa,2020-12-21
516,compeleted,2020-12-20,418,384,245,516,1867,cash,2020-12-21
517,compeleted,2020-12-20,278,108,178,517,550,cash,2020-12-21
518,compeleted,2020-12-20,170,255,73,518,1664,visa,2020-12-21
519,compeleted,2020-12-20,48,150,358,519,2906,visa,2020-12-21
520,compeleted,2020-12-20,474,250,44,520,654,cash,2020-12-21
521,compeleted,2020-12-20,247,314,164,521,1424,cash,2020-12-21
522,compeleted,2020-12-20,207,71,151,522,2146,cash,2020-12-21
523,refunded,2020-12-20,465,219,138,523,2184,cash,2020-12-21
524,compeleted,2020-12-20,437,19,271,524,2379,visa,2020-12-21
525,compeleted,2020-12-21,306,376,93,525,650,cash,2020-12-22
526,compeleted,2020-12-21,144,207,2,526,1723,cash,2020-12-22
527,compeleted,2020-12-21,62,396,22,527,975,cash,2020-12-22
528,compeleted,2020-12-21,454,183,137,528,1360,visa,2020-12-22
529,compeleted,2020-12-21,214,213,170,529,1724,visa,2020-12-22
530,compeleted,2020-12-21,385,149,36,530,2254,visa,2020-12-22
531,compeleted,2020-12-21,26,92,175,531,2350,cash,2020-12-22
532,compeleted,2020-12-21,167,97,208,532,1461,cash,2020-12-22
533,compeleted,2020-12-21,402,179,116,533,1196,cash,2020-12-22
534,compeleted,2020-12-21,189,285,308,534,1777,cash,2020-12-22
535,compeleted,2020-12-21,44,324,116,535,1605,cash,2020-12-22
536,compeleted,2020-12-21,22,180,394,536,2417,cash,2020-12-22
537,compeleted,2020-12-21,477,321,392,537,1577,cash,2020-12-22
538,compeleted,2020-12-21,419,77,235,538,2732,cash,2020-12-22
539,compeleted,2020-12-21,284,256,280,539,1346,cash,2020-12-22
540,compeleted,2020-12-21,380,97,237,540,2112,visa,2020-12-22
541,refunded,2020-12-21,100,392,1,541,896,cash,2020-12-22
542,refunded,2020-12-21,452,217,11,542,1350,cash,2020-12-22
543,compeleted,2020-12-21,302,100,273,543,536,visa,2020-12-22
544,refunded,2020-12-21,281,62,60,544,1167,cash,2020-12-22
545,compeleted,2020-12-21,65,175,35,545,1871,visa,2020-12-22
546,compeleted,2020-12-21,229,33,300,546,2095,visa,2020-12-22
547,compeleted,2020-12-21,492,275,48,547,2906,visa,2020-12-22
548,compeleted,2020-12-21,328,118,390,548,1917,cash,2020-12-22
549,compeleted,2020-12-22,133,396,235,549,2191,cash,2020-12-23
550,compeleted,2020-12-22,181,30,377,550,2254,cash,2020-12-23
551,compeleted,2020-12-22,49,208,78,551,2666,cash,2020-12-23
552,refunded,2020-12-22,215,338,329,552,968,cash,2020-12-23
553,refunded,2020-12-22,351,9,29,553,913,cash,2020-12-23
554,compeleted,2020-12-22,178,210,212,554,2871,cash,2020-12-23
555,compeleted,2020-12-23,49,285,312,555,2717,cash,2020-12-24
556,canceled,2020-12-23,62,54,292,556,2455,cash,2020-12-24
557,compeleted,2020-12-23,431,93,277,557,2704,cash,2020-12-24
558,compeleted,2020-12-23,137,390,96,558,1305,cash,2020-12-24
559,compeleted,2020-12-23,214,248,20,559,887,cash,2020-12-24
560,refunded,2020-12-23,457,98,226,560,1462,cash,2020-12-24
561,compeleted,2020-12-23,98,317,326,561,1098,cash,2020-12-24
562,compeleted,2020-12-23,217,343,115,562,1458,cash,2020-12-24
563,compeleted,2020-12-23,142,298,278,563,2918,cash,2020-12-24
564,compeleted,2020-12-23,296,1,231,564,1160,cash,2020-12-24
565,compeleted,2020-12-24,292,369,50,565,1779,cash,2020-12-25
566,compeleted,2020-12-24,126,25,333,566,1490,cash,2020-12-25
567,compeleted,2020-12-24,106,250,134,567,2677,cash,2020-12-25
568,compeleted,2020-12-24,363,261,104,568,780,cash,2020-12-25
569,compeleted,2020-12-24,487,327,201,569,2820,cash,2020-12-25
570,compeleted,2020-12-24,176,344,244,570,2967,cash,2020-12-25
571,compeleted,2020-12-24,343,64,103,571,1771,cash,2020-12-25
572,refunded,2020-12-24,465,277,315,572,1530,cash,2020-12-25
573,refunded,2020-12-24,351,260,38,573,1917,cash,2020-12-25
574,compeleted,2020-12-25,29,318,165,574,1867,cash,2020-12-26
575,compeleted,2020-12-25,99,245,302,575,762,cash,2020-12-26
576,compeleted,2020-12-25,313,119,180,576,1886,cash,2020-12-26
577,compeleted,2020-12-25,268,311,24,577,2499,cash,2020-12-26
578,refunded,2020-12-25,119,12,143,578,1433,cash,2020-12-26
579,refunded,2020-12-25,38,104,160,579,1662,cash,2020-12-26
580,canceled,2020-12-25,28,328,291,580,1429,master card,2020-12-26
581,compeleted,2020-12-26,360,267,146,581,689,cash,2020-12-27
582,compeleted,2020-12-26,225,338,167,582,2863,cash,2020-12-27
583,compeleted,2020-12-26,221,37,166,583,1950,cash,2020-12-27
584,refunded,2020-12-26,423,143,16,584,609,cash,2020-12-27
585,refunded,2020-12-26,410,292,102,585,806,cash,2020-12-27
586,refunded,2020-12-26,336,306,223,586,752,cash,2020-12-27
587,refunded,2020-12-26,492,181,162,587,1113,cash,2020-12-27
588,compeleted,2020-12-26,34,46,141,588,1495,cash,2020-12-27
589,compeleted,2020-12-26,476,290,110,589,2337,cash,2020-12-27
590,compeleted,2020-12-26,177,395,395,590,2125,cash,2020-12-27
591,refunded,2020-12-26,237,95,28,591,2433,master card,2020-12-27
592,refunded,2020-12-26,474,29,15,592,2731,cash,2020-12-27
593,canceled,2020-12-27,167,370,91,593,1143,master card,2020-12-28
594,canceled,2020-12-27,22,294,320,594,1005,master card,2020-12-28
595,refunded,2020-12-27,259,340,118,595,2403,cash,2020-12-28
596,canceled,2020-12-27,358,144,46,596,2535,master card,2020-12-28
597,canceled,2020-12-28,490,79,26,597,1742,master card,2020-12-29
598,refunded,2020-12-28,63,198,140,598,725,cash,2020-12-29
599,compeleted,2020-12-28,263,341,238,599,540,master card,2020-12-29
600,compeleted,2020-12-28,87,106,109,600,1253,cash,2020-12-29
601,compeleted,2020-12-28,443,42,148,601,2749,master card,2020-12-29
602,compeleted,2020-12-28,414,132,133,602,2739,master card,2020-12-29
603,compeleted,2020-12-29,406,300,239,603,2812,cash,2020-12-30
604,compeleted,2020-12-29,102,198,168,604,1704,cash,2020-12-30
605,compeleted,2020-12-30,436,112,321,605,2939,cash,2020-12-31
606,compeleted,2020-12-30,338,375,378,606,778,cash,2020-12-31
607,canceled,2021-01-01,458,156,220,607,884,master card,2021-01-02
608,compeleted,2021-01-04,14,163,322,608,1188,cash,2021-01-05
609,compeleted,2021-01-04,385,393,53,609,2267,cash,2021-01-05
610,refunded,2021-01-04,149,53,5,610,2707,cash,2021-01-05
611,compeleted,2021-01-08,409,343,28,611,1013,cash,2021-01-09
612,compeleted,2021-01-08,129,140,94,612,2020,cash,2021-01-09
613,compeleted,2021-01-10,294,185,182,613,2650,cash,2021-01-11
614,compeleted,2021-01-10,45,168,15,614,1665,cash,2021-01-11
615,compeleted,2021-01-10,441,24,37,615,1953,cash,2021-01-11
616,compeleted,2021-01-10,29,136,284,616,1382,cash,2021-01-11
617,refunded,2021-01-11,341,120,57,617,2741,cash,2021-01-12
618,compeleted,2021-02-05,471,65,163,618,942,cash,2021-02-06
619,compeleted,2021-02-06,12,320,123,619,2332,cash,2021-02-07
620,compeleted,2021-02-11,152,121,312,620,2291,cash,2021-02-12
621,compeleted,2021-03-08,396,38,157,621,1943,cash,2021-03-09
622,compeleted,2021-03-08,332,93,351,622,1059,cash,2021-03-09
623,compeleted,2021-03-18,2,271,245,623,1553,cash,2021-03-19
624,compeleted,2021-03-25,435,120,185,624,1566,cash,2021-03-26
625,compeleted,2021-03-31,267,199,130,625,1901,cash,2021-04-01
626,refunded,2021-03-31,232,387,233,626,2152,cash,2021-04-01
627,canceled,2021-04-01,194,367,157,627,726,cash,2021-04-02
628,refunded,2021-04-04,482,105,54,628,1850,cash,2021-04-05
629,refunded,2021-04-08,432,290,101,629,1275,cash,2021-04-09
630,compeleted,2021-04-11,165,158,85,630,1082,master card,2021-04-12
631,compeleted,2021-04-15,484,320,7,631,1000,master card,2021-04-16
632,canceled,2021-04-15,486,318,397,632,2786,master card,2021-04-16
633,canceled,2021-04-16,81,309,134,633,681,cash,2021-04-17
634,canceled,2021-04-16,249,371,326,634,1014,master card,2021-04-17
635,canceled,2021-04-16,236,178,239,635,2344,credit card,2021-04-17
636,canceled,2021-04-16,224,150,169,636,1442,master card,2021-04-17
637,canceled,2021-04-17,149,350,139,637,782,visa,2021-04-18
638,compeleted,2021-04-17,134,374,49,638,2410,cash,2021-04-18
639,refunded,2021-04-17,75,288,258,639,721,cash,2021-04-18
640,canceled,2021-04-18,416,368,89,640,1437,master card,2021-04-19
641,refunded,2021-04-18,462,274,195,641,810,cash,2021-04-19
642,canceled,2021-04-25,310,177,369,642,1440,visa,2021-04-26
643,canceled,2021-04-25,235,73,45,643,1945,visa,2021-04-26
644,canceled,2021-04-25,189,72,11,644,502,visa,2021-04-26
645,canceled,2021-04-25,179,292,210,645,2870,visa,2021-04-26
646,compeleted,2021-04-25,160,16,229,646,855,master card,2021-04-26
647,compeleted,2021-04-25,369,7,331,647,2012,master card,2021-04-26
648,canceled,2021-04-27,250,42,344,648,2420,visa,2021-04-28
649,compeleted,2021-04-27,22,312,185,649,2959,visa,2021-04-28
650,refunded,2021-05-27,190,65,329,650,1832,cash,2021-05-28
651,compeleted,2021-06-06,404,85,351,651,1268,master card,2021-06-07
652,compeleted,2021-06-06,96,294,168,652,718,master card,2021-06-07
653,compeleted,2021-06-06,192,51,49,653,2994,master card,2021-06-07
654,compeleted,2021-06-06,121,373,97,654,1765,master card,2021-06-07
655,refunded,2021-06-11,421,333,62,655,782,cash,2021-06-12
656,compeleted,2020-10-01,301,132,255,656,975,credit card,2020-10-02
657,compeleted,2020-10-01,197,329,356,657,596,credit card,2020-10-02
658,compeleted,2020-10-01,197,334,283,658,2084,credit card,2020-10-02
659,canceled,2020-11-12,349,125,301,659,1791,credit card,2020-11-13
660,canceled,2020-11-12,84,303,47,660,1858,credit card,2020-11-13
661,canceled,2020-11-12,342,291,342,661,2617,visa,2020-11-13
662,canceled,2020-11-12,141,328,187,662,1109,visa,2020-11-13
663,compeleted,2020-11-12,242,246,340,663,2792,visa,2020-11-13
664,compeleted,2020-10-01,71,44,218,664,2365,credit card,2020-10-02
665,compeleted,2020-10-08,371,194,263,665,2986,credit card,2020-10-09
666,canceled,2020-10-09,148,306,3,666,1391,credit card,2020-10-10
667,canceled,2020-10-12,61,345,114,667,1428,credit card,2020-10-13
668,compeleted,2020-10-01,324,201,269,668,1006,cash,2020-10-02
669,compeleted,2020-10-01,89,370,375,669,2078,cash,2020-10-02
670,compeleted,2020-10-01,347,327,294,670,2122,cash,2020-10-02
671,compeleted,2020-10-01,319,346,336,671,2942,cash,2020-10-02
672,compeleted,2020-10-01,472,325,1,672,2805,cash,2020-10-02
673,compeleted,2020-12-07,262,32,83,673,1284,cash,2020-12-08
674,compeleted,2020-12-07,330,358,50,674,1325,cash,2020-12-08
675,compeleted,2020-12-07,90,233,311,675,571,cash,2020-12-08
676,compeleted,2020-12-20,433,86,60,676,2173,cash,2020-12-21
677,compeleted,2020-12-20,397,291,304,677,988,cash,2020-12-21
678,compeleted,2020-12-20,334,349,278,678,2887,cash,2020-12-21
679,compeleted,2020-12-20,226,110,225,679,2974,cash,2020-12-21
680,refunded,2021-06-01,208,339,112,680,2601,cash,2021-06-02
681,compeleted,2021-06-10,278,70,207,681,1920,credit card,2021-06-11
682,refunded,2020-10-01,50,51,196,682,2464,cash,2020-10-02
683,compeleted,2020-10-01,172,219,152,683,1080,cash,2020-10-02
684,compeleted,2020-10-01,175,30,345,684,1076,cash,2020-10-02
685,compeleted,2020-10-01,222,390,6,685,889,cash,2020-10-02
686,compeleted,2020-10-01,277,98,85,686,581,cash,2020-10-02
687,canceled,2020-10-14,364,12,145,687,507,cash,2020-10-15
688,canceled,2020-10-14,295,45,60,688,2622,cash,2020-10-15
689,canceled,2020-10-14,16,238,237,689,674,cash,2020-10-15
690,canceled,2020-10-14,23,172,209,690,1993,cash,2020-10-15
691,canceled,2020-12-20,60,130,16,691,2998,visa,2020-12-21
692,canceled,2020-12-20,150,324,319,692,678,visa,2020-12-21
693,canceled,2020-12-20,39,195,37,693,1447,visa,2020-12-21
694,compeleted,2020-12-20,97,336,378,694,2140,cash,2020-12-21
695,compeleted,2020-12-20,52,368,238,695,541,cash,2020-12-21
696,compeleted,2020-12-20,342,191,36,696,699,cash,2020-12-21
697,compeleted,2020-10-01,49,69,83,697,2888,cash,2020-10-02
698,compeleted,2020-10-01,122,302,265,698,1116,cash,2020-10-02
699,compeleted,2020-10-01,303,101,31,699,1026,cash,2020-10-02
700,compeleted,2020-10-01,68,96,59,700,1190,cash,2020-10-02
701,compeleted,2020-10-01,374,142,174,701,2501,cash,2020-10-02
702,compeleted,2020-10-01,365,9,360,702,1818,cash,2020-10-02
703,canceled,2020-10-08,274,189,156,703,2021,cash,2020-10-09
704,canceled,2020-10-08,211,177,398,704,1760,cash,2020-10-09
705,canceled,2020-10-08,208,69,77,705,665,cash,2020-10-09
706,compeleted,2020-10-26,183,212,144,706,2667,cash,2020-10-27
707,compeleted,2020-10-26,452,182,144,707,1161,cash,2020-10-27
708,compeleted,2020-10-26,177,36,386,708,1130,cash,2020-10-27
709,refunded,2020-11-23,184,267,32,709,1023,cash,2020-11-24
710,canceled,2020-12-05,205,366,198,710,1814,visa,2020-12-06
711,canceled,2020-12-14,308,201,237,711,1217,master card,2020-12-15
712,canceled,2020-12-14,206,258,140,712,1724,master card,2020-12-15
713,canceled,2020-12-14,261,263,17,713,1748,master card,2020-12-15
714,canceled,2020-12-14,74,349,92,714,2940,master card,2020-12-15
715,canceled,2020-12-14,251,68,381,715,1224,master card,2020-12-15
716,canceled,2020-12-14,92,195,341,716,1462,master card,2020-12-15
717,canceled,2020-12-20,445,176,189,717,1775,master card,2020-12-21
718,canceled,2020-12-20,304,2,113,718,2434,master card,2020-12-21
719,canceled,2020-12-20,55,389,311,719,2486,master card,2020-12-21
720,canceled,2020-12-20,239,5,339,720,1267,master card,2020-12-21
721,canceled,2020-12-20,425,181,393,721,2355,master card,2020-12-21
722,canceled,2020-12-20,476,286,74,722,2841,master card,2020-12-21
723,canceled,2020-12-20,419,108,343,723,1341,master card,2020-12-21
724,canceled,2020-12-20,56,283,7,724,2118,master card,2020-12-21
725,canceled,2020-12-20,448,237,288,725,1512,master card,2020-12-21
726,canceled,2020-12-20,182,351,26,726,1209,master card,2020-12-21
727,refunded,2020-10-01,2,226,383,727,2905,cash,2020-10-02
728,refunded,2020-10-02,273,30,66,728,2417,cash,2020-10-03
729,compeleted,2020-10-09,358,184,272,729,1018,cash,2020-10-10
730,refunded,2020-10-01,271,253,195,730,2689,cash,2020-10-02
731,refunded,2020-10-01,305,162,147,731,545,cash,2020-10-02
732,refunded,2020-10-01,213,269,211,732,906,cash,2020-10-02
733,refunded,2020-10-01,403,117,244,733,549,cash,2020-10-02
734,canceled,2020-12-01,12,300,192,734,1983,cash,2020-12-02
735,canceled,2020-12-01,159,246,362,735,1345,cash,2020-12-02
736,compeleted,2020-12-18,260,11,94,736,1739,cash,2020-12-19
737,compeleted,2020-12-18,271,247,363,737,1522,cash,2020-12-19
738,canceled,2021-01-02,402,249,102,738,580,cash,2021-01-03
739,refunded,2021-05-06,212,44,380,739,1867,cash,2021-05-07
740,canceled,2021-08-26,85,363,386,740,513,master card,2021-08-27
741,canceled,2021-08-29,266,268,173,741,1703,master card,2021-08-30
742,canceled,2021-08-29,241,202,31,742,1710,master card,2021-08-30
743,canceled,2021-08-29,210,262,203,743,2897,master card,2021-08-30
744,compeleted,2021-08-30,392,157,150,744,2396,cash,2021-08-31
745,canceled,2021-09-03,485,265,296,745,2087,master card,2021-09-04
746,canceled,2021-09-03,250,335,41,746,2202,master card,2021-09-04
747,refunded,2021-09-08,468,138,239,747,2534,cash,2021-09-09
748,canceled,2021-09-10,401,81,43,748,1707,master card,2021-09-11
749,canceled,2021-09-10,473,388,142,749,1705,master card,2021-09-11
750,canceled,2021-09-10,466,177,306,750,1893,master card,2021-09-11
751,canceled,2021-09-10,245,116,286,751,2151,master card,2021-09-11
752,canceled,2021-09-10,57,36,25,752,1987,master card,2021-09-11
753,canceled,2021-09-15,361,117,17,753,1626,cash,2021-09-16
754,canceled,2021-09-15,410,135,187,754,2789,cash,2021-09-16
755,canceled,2021-09-15,253,281,129,755,1294,cash,2021-09-16
756,refunded,2020-10-01,69,39,122,756,2909,cash,2020-10-02
757,refunded,2020-10-01,495,77,41,757,891,cash,2020-10-02
758,refunded,2020-10-12,420,397,397,758,702,cash,2020-10-13
759,refunded,2020-10-12,48,254,49,759,2229,cash,2020-10-13
760,compeleted,2020-10-30,488,94,107,760,1171,cash,2020-10-31
761,compeleted,2020-10-30,72,316,69,761,657,cash,2020-10-31
762,compeleted,2020-10-30,132,61,169,762,2545,cash,2020-10-31
763,compeleted,2020-10-30,158,78,105,763,2335,cash,2020-10-31
764,refunded,2020-11-06,157,182,361,764,1023,cash,2020-11-07
765,refunded,2020-11-06,367,264,119,765,934,cash,2020-11-07
766,compeleted,2020-12-21,357,6,372,766,2897,cash,2020-12-22
767,compeleted,2020-12-21,315,370,176,767,2156,cash,2020-12-22
768,compeleted,2020-12-21,281,145,10,768,2751,cash,2020-12-22
769,compeleted,2020-12-21,135,182,70,769,1660,cash,2020-12-22
770,refunded,2020-12-23,172,332,281,770,504,cash,2020-12-24
771,refunded,2020-12-23,251,352,39,771,1775,cash,2020-12-24
772,compeleted,2021-01-18,400,332,93,772,2478,cash,2021-01-19
773,compeleted,2021-01-18,25,34,266,773,748,cash,2021-01-19
774,compeleted,2021-01-18,133,125,342,774,1826,cash,2021-01-19
775,refunded,2021-03-11,423,214,316,775,2019,cash,2021-03-12
776,refunded,2021-03-11,388,242,15,776,931,cash,2021-03-12
777,refunded,2021-09-12,393,355,294,777,2017,cash,2021-09-13
778,compeleted,2020-10-01,27,303,336,778,2185,cash,2020-10-02
779,compeleted,2020-10-01,109,283,1,779,2429,cash,2020-10-02
780,refunded,2020-10-01,102,105,83,780,1093,credit card,2020-10-02
781,compeleted,2020-12-20,499,321,50,781,1067,visa,2020-12-21
782,compeleted,2020-12-20,313,154,311,782,1113,visa,2020-12-21
783,canceled,2021-02-06,246,365,60,783,536,visa,2021-02-07
784,compeleted,2020-10-01,5,248,304,784,2239,credit card,2020-10-02
785,compeleted,2020-10-01,142,301,278,785,1177,credit card,2020-10-02
786,compeleted,2020-10-01,203,224,225,786,1001,credit card,2020-10-02
787,refunded,2020-10-09,344,206,112,787,2743,credit card,2020-10-10
788,refunded,2020-10-13,63,81,207,788,1430,credit card,2020-10-14
789,compeleted,2020-10-15,32,171,196,789,2643,cash,2020-10-16
790,refunded,2020-10-18,398,181,152,790,2900,cash,2020-10-19
791,refunded,2020-10-25,497,305,345,791,2959,cash,2020-10-26
792,refunded,2020-11-06,222,118,6,792,1431,cash,2020-11-07
793,refunded,2020-11-06,280,175,85,793,1756,cash,2020-11-07
794,compeleted,2020-11-18,183,184,145,794,1112,credit card,2020-11-19
795,compeleted,2020-11-18,108,77,60,795,2584,credit card,2020-11-19
796,compeleted,2020-11-18,275,125,237,796,2688,credit card,2020-11-19
797,canceled,2020-11-29,266,261,209,797,1324,visa,2020-11-30
798,canceled,2020-11-29,114,75,16,798,2899,visa,2020-11-30
799,canceled,2020-11-29,227,207,319,799,2115,visa,2020-11-30
800,canceled,2020-10-01,234,137,37,800,2063,visa,2020-10-02
801,canceled,2020-10-03,291,50,378,801,2560,visa,2020-10-04
802,compeleted,2020-10-01,482,315,238,802,560,cash,2020-10-02
803,compeleted,2020-10-01,146,351,36,803,1819,cash,2020-10-02
804,canceled,2020-10-01,367,140,83,804,2606,master card,2020-10-02
805,compeleted,2020-10-01,432,3,265,805,2280,cash,2020-10-02
806,compeleted,2020-10-01,119,357,31,806,2299,cash,2020-10-02
807,refunded,2020-10-10,153,31,59,807,500,cash,2020-10-11
808,refunded,2020-10-16,265,98,174,808,1147,cash,2020-10-17
809,refunded,2020-10-01,36,81,360,809,844,cash,2020-10-02
810,compeleted,2020-10-21,30,264,156,810,682,cash,2020-10-22
811,compeleted,2020-10-21,343,394,398,811,1124,cash,2020-10-22
812,compeleted,2020-10-21,319,303,77,812,2042,cash,2020-10-22
813,compeleted,2020-10-01,20,360,144,813,1208,cash,2020-10-02
814,compeleted,2020-10-03,188,34,144,814,2008,cash,2020-10-04
815,canceled,2020-10-03,66,342,386,815,2265,cash,2020-10-04
816,compeleted,2020-10-08,196,263,32,816,2587,cash,2020-10-09
817,compeleted,2020-10-08,130,344,198,817,2183,cash,2020-10-09
818,compeleted,2020-10-08,426,261,237,818,1074,cash,2020-10-09
819,refunded,2020-10-09,409,6,140,819,2422,cash,2020-10-10
820,refunded,2020-10-29,176,393,17,820,1630,cash,2020-10-30
821,refunded,2020-11-06,198,2,92,821,1718,cash,2020-11-07
822,canceled,2020-11-25,43,187,381,822,2196,visa,2020-11-26
823,canceled,2020-11-25,470,383,341,823,1169,visa,2020-11-26
824,refunded,2020-11-25,224,289,189,824,1429,cash,2020-11-26
825,refunded,2020-11-26,70,247,113,825,1432,cash,2020-11-27
826,compeleted,2020-12-03,207,223,311,826,1439,cash,2020-12-04
827,compeleted,2020-12-03,211,274,339,827,512,cash,2020-12-04
828,compeleted,2020-12-03,301,8,393,828,2321,cash,2020-12-04
829,compeleted,2020-12-12,413,159,74,829,1926,cash,2020-12-13
830,compeleted,2020-12-12,274,146,343,830,2739,cash,2020-12-13
831,refunded,2020-12-14,325,297,7,831,2562,cash,2020-12-15
832,refunded,2020-12-14,312,16,288,832,1997,cash,2020-12-15
833,compeleted,2020-12-24,454,11,26,833,2432,master card,2020-12-25
834,compeleted,2020-12-24,46,4,383,834,1217,master card,2020-12-25
835,compeleted,2020-12-24,314,216,66,835,1301,master card,2020-12-25
836,compeleted,2020-12-25,160,14,272,836,1499,master card,2020-12-26
837,refunded,2020-10-01,334,152,195,837,1558,cash,2020-10-02
838,refunded,2020-10-02,373,388,147,838,934,cash,2020-10-03
839,refunded,2020-10-02,264,152,211,839,902,cash,2020-10-03
840,compeleted,2020-10-11,136,113,244,840,2562,cash,2020-10-12
841,compeleted,2020-11-28,163,123,192,841,2576,cash,2020-11-29
842,refunded,2020-12-01,318,386,362,842,2152,cash,2020-12-02
843,refunded,2020-12-01,54,131,94,843,2891,cash,2020-12-02
844,refunded,2020-12-01,333,193,363,844,2955,cash,2020-12-02
845,refunded,2020-12-01,128,225,102,845,1379,cash,2020-12-02
846,refunded,2020-12-01,209,102,380,846,1266,cash,2020-12-02
847,refunded,2020-12-02,230,91,386,847,1595,cash,2020-12-03
848,compeleted,2020-12-05,104,337,173,848,2886,cash,2020-12-06
849,compeleted,2020-12-26,28,103,31,849,1889,cash,2020-12-27
850,compeleted,2021-07-18,408,155,203,850,644,cash,2021-07-19
851,compeleted,2020-10-01,139,210,150,851,2082,cash,2020-10-02
852,refunded,2020-10-01,469,17,296,852,2026,cash,2020-10-02
853,compeleted,2020-10-01,411,301,41,853,573,cash,2020-10-02
854,compeleted,2020-10-01,195,333,239,854,2189,cash,2020-10-02
855,compeleted,2020-10-01,188,49,43,855,2775,cash,2020-10-02
856,compeleted,2020-12-12,187,58,142,856,2285,cash,2020-12-13
857,compeleted,2020-12-12,102,236,306,857,2744,cash,2020-12-13
858,canceled,2020-12-28,327,359,286,858,1842,visa,2020-12-29
859,compeleted,2020-12-28,450,398,25,859,2853,visa,2020-12-29
860,compeleted,2021-04-05,151,348,17,860,793,cash,2021-04-06
861,canceled,2021-06-08,194,167,187,861,2263,master card,2021-06-09
862,canceled,2021-06-08,90,144,129,862,2411,master card,2021-06-09
863,canceled,2021-06-08,120,339,122,863,854,master card,2021-06-09
864,canceled,2021-06-08,241,230,41,864,2041,master card,2021-06-09
865,compeleted,2021-06-09,462,380,397,865,1128,cash,2021-06-10
866,compeleted,2021-06-09,35,178,49,866,1281,cash,2021-06-10
867,compeleted,2021-06-09,127,304,107,867,2807,cash,2021-06-10
868,compeleted,2021-06-09,419,147,69,868,2588,cash,2021-06-10
869,compeleted,2021-07-19,93,308,169,869,2672,cash,2021-07-20
870,compeleted,2021-07-19,276,201,105,870,2411,cash,2021-07-20
871,compeleted,2021-07-19,375,197,361,871,2305,cash,2021-07-20
872,compeleted,2021-07-19,303,22,119,872,1149,cash,2021-07-20
873,compeleted,2021-07-19,434,349,372,873,546,cash,2021-07-20
874,canceled,2021-09-15,20,129,176,874,2323,master card,2021-09-16
875,canceled,2021-09-15,51,279,10,875,2891,master card,2021-09-16
876,canceled,2021-09-15,101,282,70,876,1902,master card,2021-09-16
877,canceled,2021-09-15,343,25,281,877,2082,master card,2021-09-16
878,canceled,2021-09-15,248,367,39,878,2094,master card,2021-09-16
879,canceled,2021-09-15,338,211,93,879,2349,master card,2021-09-16
880,compeleted,2020-10-01,70,124,266,880,1803,cash,2020-10-02
881,compeleted,2020-10-01,345,210,342,881,2521,cash,2020-10-02
882,compeleted,2020-10-01,430,7,316,882,2500,cash,2020-10-02
883,compeleted,2020-10-01,450,379,15,883,2499,cash,2020-10-02
884,compeleted,2020-10-01,438,163,294,884,2570,cash,2020-10-02
885,compeleted,2020-10-01,110,271,336,885,511,cash,2020-10-02
886,compeleted,2020-10-01,477,23,1,886,2851,cash,2020-10-02
887,compeleted,2020-10-01,161,233,83,887,593,cash,2020-10-02
888,compeleted,2020-10-01,26,314,50,888,2199,cash,2020-10-02
889,compeleted,2020-10-01,150,102,311,889,2692,cash,2020-10-02
890,compeleted,2020-10-01,28,75,60,890,2186,cash,2020-10-02
891,compeleted,2020-10-01,475,269,304,891,2424,cash,2020-10-02
892,refunded,2020-10-01,15,391,278,892,526,cash,2020-10-02
893,compeleted,2020-10-02,337,50,225,893,1717,cash,2020-10-03
894,compeleted,2020-10-02,161,74,112,894,2768,cash,2020-10-03
895,refunded,2020-10-01,396,221,207,895,1368,cash,2020-10-02
896,refunded,2020-10-01,272,225,196,896,645,cash,2020-10-02
897,refunded,2020-10-01,204,272,152,897,1057,cash,2020-10-02
898,canceled,2020-10-22,453,308,345,898,2925,cash,2020-10-23
899,canceled,2020-10-22,347,200,6,899,1058,cash,2020-10-23
900,canceled,2020-10-22,81,245,85,900,527,cash,2020-10-23
901,canceled,2020-10-22,26,76,145,901,1698,cash,2020-10-23
902,refunded,2020-10-30,355,80,60,902,2289,cash,2020-10-31
903,refunded,2020-10-30,462,231,237,903,2577,cash,2020-10-31
904,refunded,2020-10-30,340,273,209,904,2607,cash,2020-10-31
905,compeleted,2020-10-30,111,233,16,905,937,cash,2020-10-31
906,refunded,2020-10-30,169,109,319,906,2077,cash,2020-10-31
907,refunded,2020-10-30,421,139,37,907,709,cash,2020-10-31
908,compeleted,2020-10-30,98,299,378,908,1197,cash,2020-10-31
909,compeleted,2020-10-30,81,306,238,909,2952,cash,2020-10-31
910,compeleted,2020-10-30,479,216,36,910,2437,cash,2020-10-31
911,refunded,2020-10-30,47,55,83,911,2975,cash,2020-10-31
912,refunded,2020-10-30,348,275,265,912,1201,cash,2020-10-31
913,compeleted,2020-10-30,69,192,31,913,1315,cash,2020-10-31
914,refunded,2020-10-31,186,227,59,914,782,cash,2020-11-01
915,refunded,2020-10-31,123,144,174,915,2321,cash,2020-11-01
916,refunded,2020-10-31,286,307,360,916,2640,cash,2020-11-01
917,refunded,2020-10-31,148,292,156,917,2720,cash,2020-11-01
918,refunded,2020-10-31,397,373,398,918,2872,cash,2020-11-01
919,compeleted,2020-10-31,365,56,77,919,1697,cash,2020-11-01
920,refunded,2020-10-31,67,99,144,920,2331,cash,2020-11-01
921,compeleted,2020-10-31,235,234,144,921,2748,cash,2020-11-01
922,compeleted,2020-10-31,19,48,386,922,2388,cash,2020-11-01
923,refunded,2020-10-31,237,377,32,923,1095,cash,2020-11-01
924,refunded,2020-10-31,242,84,198,924,1637,cash,2020-11-01
925,refunded,2020-10-31,283,286,237,925,1872,cash,2020-11-01
926,refunded,2020-10-31,168,20,140,926,2003,cash,2020-11-01
927,refunded,2020-10-31,337,346,17,927,1928,cash,2020-11-01
928,refunded,2020-10-31,75,97,92,928,2315,cash,2020-11-01
929,refunded,2020-10-31,281,26,381,929,1796,cash,2020-11-01
930,refunded,2020-10-31,10,223,341,930,1769,cash,2020-11-01
931,refunded,2020-10-31,200,94,189,931,1792,cash,2020-11-01
932,refunded,2020-10-31,155,310,113,932,2677,cash,2020-11-01
933,refunded,2020-10-31,369,356,311,933,1571,cash,2020-11-01
934,refunded,2020-10-31,204,69,339,934,1383,cash,2020-11-01
935,refunded,2020-11-01,140,83,393,935,2552,cash,2020-11-02
936,compeleted,2020-11-01,456,96,74,936,2778,cash,2020-11-02
937,compeleted,2020-11-01,121,354,343,937,666,cash,2020-11-02
938,compeleted,2020-11-01,481,377,7,938,1094,cash,2020-11-02
939,compeleted,2020-11-01,417,393,288,939,1744,cash,2020-11-02
940,refunded,2020-11-01,173,52,26,940,1577,cash,2020-11-02
941,refunded,2020-11-06,139,241,383,941,620,cash,2020-11-07
942,refunded,2020-11-08,156,387,66,942,2945,cash,2020-11-09
943,refunded,2020-11-08,338,186,272,943,668,cash,2020-11-09
944,refunded,2020-11-20,6,80,195,944,2039,cash,2020-11-21
945,canceled,2020-11-25,284,218,147,945,1026,visa,2020-11-26
946,canceled,2020-11-25,269,190,211,946,1725,master card,2020-11-26
947,canceled,2020-11-25,123,229,244,947,860,visa,2020-11-26
948,canceled,2020-11-25,299,200,192,948,1013,visa,2020-11-26
949,refunded,2020-11-27,268,59,362,949,1358,cash,2020-11-28
950,refunded,2020-11-27,199,56,94,950,888,cash,2020-11-28
951,refunded,2020-11-27,279,219,363,951,501,cash,2020-11-28
952,canceled,2020-11-28,105,146,102,952,659,master card,2020-11-29
953,canceled,2020-11-28,189,362,380,953,2814,master card,2020-11-29
954,refunded,2020-11-28,409,151,386,954,1583,master card,2020-11-29
955,refunded,2020-11-28,13,17,173,955,963,cash,2020-11-29
956,refunded,2020-12-09,249,42,31,956,2861,cash,2020-12-10
957,refunded,2020-12-09,327,199,203,957,1596,cash,2020-12-10
958,refunded,2020-12-10,436,315,150,958,624,cash,2020-12-11
959,refunded,2020-12-13,449,1,296,959,564,cash,2020-12-14
960,compeleted,2020-12-18,217,362,41,960,1085,cash,2020-12-19
961,compeleted,2020-12-18,148,232,239,961,1876,cash,2020-12-19
962,canceled,2020-12-21,312,225,43,962,647,master card,2020-12-22
963,canceled,2020-12-21,98,252,142,963,968,master card,2020-12-22
964,canceled,2020-12-21,466,159,306,964,2755,master card,2020-12-22
965,refunded,2020-12-22,109,221,286,965,1858,cash,2020-12-23
966,canceled,2020-12-23,491,257,25,966,992,master card,2020-12-24
967,canceled,2020-12-23,240,368,17,967,2882,master card,2020-12-24
968,compeleted,2020-12-24,457,365,187,968,2612,cash,2020-12-25
969,compeleted,2020-12-24,132,137,129,969,1096,cash,2020-12-25
970,refunded,2020-12-24,135,230,122,970,2689,cash,2020-12-25
971,refunded,2020-12-24,10,302,41,971,2681,cash,2020-12-25
972,refunded,2020-12-24,385,397,397,972,2450,cash,2020-12-25
973,compeleted,2020-12-24,443,385,49,973,2690,cash,2020-12-25
974,compeleted,2020-12-24,168,335,107,974,2326,cash,2020-12-25
975,compeleted,2020-12-24,378,374,69,975,2928,cash,2020-12-25
976,refunded,2020-12-24,36,249,169,976,1424,cash,2020-12-25
977,compeleted,2020-12-25,361,267,105,977,1589,cash,2020-12-26
978,refunded,2020-12-25,48,68,361,978,2820,cash,2020-12-26
979,refunded,2020-12-25,100,169,119,979,902,cash,2020-12-26
980,canceled,2020-12-25,231,71,372,980,2816,cash,2020-12-26
981,refunded,2020-12-25,193,200,176,981,2898,cash,2020-12-26
982,canceled,2020-12-25,322,123,10,982,1441,cash,2020-12-26
983,refunded,2020-12-25,464,378,70,983,589,cash,2020-12-26
984,canceled,2020-12-27,67,66,281,984,2281,master card,2020-12-28
985,canceled,2020-12-27,438,251,39,985,1712,master card,2020-12-28
986,canceled,2020-12-27,108,278,93,986,1196,master card,2020-12-28
987,canceled,2020-12-29,422,119,266,987,2192,master card,2020-12-30
988,canceled,2021-01-02,332,252,342,988,1280,cash,2021-01-03
989,refunded,2021-01-02,5,209,316,989,552,cash,2021-01-03
990,refunded,2021-01-02,58,293,15,990,1416,cash,2021-01-03
991,canceled,2021-01-02,295,251,176,991,2119,master card,2021-01-03
992,canceled,2021-01-02,486,339,10,992,2735,visa,2021-01-03
993,refunded,2021-01-02,463,395,70,993,2424,cash,2021-01-03
994,refunded,2021-01-07,330,204,281,994,1562,cash,2021-01-08
995,refunded,2021-01-07,424,190,39,995,2152,cash,2021-01-08
996,refunded,2021-01-08,4,319,93,996,2246,cash,2021-01-09
997,refunded,2021-01-08,212,7,266,997,586,cash,2021-01-09
998,canceled,2021-01-14,192,289,342,998,839,visa,2021-01-15
999,refunded,2021-01-14,344,220,316,999,540,cash,2021-01-15
